c1,c2,n1,n2,n3,n4,n5,n6,u1,u2,u3,y
D,very_high,17.0,21.51,20.2,9.62,18.58,9.75,4.43,10.39,20.74,167.013
B,very_low,29.57,17.14,26.7,11.06,18.83,9.22,9.1,6.27,21.86,182.912
C,very_high,32.39,22.1,22.05,9.86,19.91,10.04,4.65,16.5,8.12,276.716
D,moderate,19.34,17.7,32.03,11.08,21.24,10.14,2.21,14.87,8.0,167.443
D,moderate,27.2,15.79,26.29,10.36,20.76,11.1,9.5,7.14,6.97,176.137
J,very_low,17.75,19.54,23.5,10.86,23.36,9.26,3.99,13.08,19.21,161.84
B,moderate,18.34,17.47,25.21,10.7,20.17,9.99,4.2,6.74,5.31,149.303
I,very_low,19.58,16.45,25.48,10.71,18.53,11.4,5.03,14.08,12.1,155.096
B,low,9.15,21.91,28.54,10.92,22.2,11.75,9.4,10.22,14.52,135.615
H,very_high,27.26,21.3,31.62,10.25,17.61,9.63,1.44,5.34,22.34,202.63
J,high,21.83,17.9,25.97,10.1,24.17,10.36,1.36,18.78,15.28,186.214
I,very_high,16.08,13.35,21.21,9.05,19.56,10.27,1.11,15.74,15.74,118.494
J,very_low,19.15,22.88,18.15,8.87,21.37,8.63,1.16,17.63,15.11,208.821
I,very_high,17.6,11.21,22.22,9.68,19.2,10.15,6.08,6.53,7.84,104.007
E,high,33.6,21.91,26.94,10.95,19.17,11.57,6.94,5.84,22.6,239.437
I,moderate,26.28,22.02,24.13,9.13,16.45,10.13,9.51,10.14,14.29,226.605
I,high,19.99,17.42,20.08,10.73,21.12,10.26,1.39,10.15,12.33,155.058
C,very_high,22.43,23.31,26.54,9.45,23.66,10.14,7.33,9.51,20.66,206.483
D,very_low,23.33,26.21,21.25,10.58,19.45,10.7,6.8,6.68,18.46,234.112
I,high,23.75,17.96,25.44,10.17,21.69,9.6,6.76,5.38,10.2,167.652
E,very_low,15.49,11.61,28.53,9.96,18.27,9.71,3.05,5.37,14.04,89.693
D,very_low,15.37,18.63,25.51,8.51,21.91,9.71,3.58,15.97,23.41,141.043
F,very_low,16.06,21.03,29.48,10.45,20.23,9.99,8.95,11.26,20.61,158.605
H,moderate,21.17,16.26,22.14,10.94,18.69,8.52,8.45,5.74,8.91,148.363
I,moderate,21.07,22.62,23.12,8.85,19.18,9.86,4.14,10.59,21.26,201.454
D,very_low,11.44,25.84,19.64,10.32,21.21,10.91,6.19,10.58,22.95,177.859
C,very_high,14.22,20.4,24.64,10.35,21.36,10.44,6.39,10.31,24.81,140.447
J,moderate,21.83,27.08,26.35,11.0,16.61,9.85,5.85,12.07,15.89,256.753
D,high,18.44,25.35,25.19,8.94,20.45,10.03,7.49,10.08,13.17,214.598
E,high,18.4,12.24,28.5,10.63,20.26,10.83,9.24,11.51,22.42,111.628
A,moderate,14.17,18.7,24.2,10.72,19.72,9.94,9.01,13.69,13.93,140.831
D,low,24.56,21.99,22.81,7.51,20.61,10.51,9.49,9.19,11.16,210.871
E,moderate,17.86,13.0,26.53,9.89,19.79,8.75,7.62,14.26,17.88,123.528
B,low,22.83,10.92,28.64,11.05,16.1,9.05,5.61,7.86,18.77,126.101
A,high,25.41,18.83,18.79,12.22,14.8,8.97,7.85,6.57,21.47,177.502
F,very_low,14.18,24.32,24.66,11.1,22.78,10.58,4.1,17.54,15.61,191.218
B,moderate,16.06,29.98,28.01,9.97,18.5,8.91,6.4,17.49,20.81,265.589
A,high,18.53,17.9,26.0,10.14,18.11,10.94,4.29,18.79,21.08,162.416
H,low,20.77,18.91,25.15,9.82,23.39,10.47,1.73,19.45,11.22,191.047
C,very_high,19.12,17.03,21.79,10.91,20.75,9.54,4.87,9.78,5.83,149.865
F,very_high,25.66,19.42,28.31,10.33,22.95,8.98,8.3,12.52,19.81,198.419
H,high,19.39,21.53,25.74,9.91,18.48,11.15,3.52,9.15,19.55,179.014
H,moderate,16.22,17.58,27.71,9.75,22.26,10.56,1.37,16.65,23.17,143.904
B,moderate,18.05,14.98,31.96,9.78,23.89,9.38,6.7,18.34,13.53,148.086
I,moderate,16.82,15.68,29.86,8.58,20.38,10.09,6.19,19.33,9.94,147.195
B,very_low,18.49,15.64,25.29,9.93,19.1,10.16,2.42,6.71,8.4,131.714
I,very_low,20.11,16.29,20.49,8.71,19.31,10.27,7.84,8.02,5.78,148.541
B,very_low,18.65,18.93,24.2,10.4,18.97,9.47,3.93,18.98,15.4,174.868
E,very_low,17.49,19.33,32.0,10.8,17.36,10.81,9.75,16.56,11.65,165.929
D,low,19.4,19.4,23.92,10.02,20.08,10.45,2.87,8.01,17.24,158.165
E,very_high,26.2,17.46,25.66,10.58,18.73,10.75,7.18,15.73,13.06,200.256
J,very_low,25.19,13.31,25.73,7.22,20.73,9.43,5.36,10.44,10.54,157.062
D,low,20.52,27.54,23.97,10.71,17.17,9.89,6.82,6.22,16.35,236.981
C,moderate,9.94,21.69,24.29,10.39,20.48,10.26,8.39,12.14,14.76,140.62
I,very_low,30.27,20.73,22.63,10.35,19.91,10.36,4.54,9.9,6.21,235.262
A,moderate,25.43,25.18,27.04,9.91,21.35,9.24,8.13,6.8,19.12,236.186
H,moderate,21.39,19.37,22.75,9.52,22.8,10.44,4.11,14.32,23.25,180.248
I,very_low,26.18,20.91,31.79,10.61,21.29,9.58,8.24,6.8,21.12,199.813
I,very_high,24.09,16.98,27.88,9.86,18.48,9.06,4.6,12.63,15.04,177.837
D,very_high,25.61,21.43,27.66,9.88,19.35,10.93,3.59,14.3,23.41,217.356
A,low,23.75,24.94,26.44,8.61,18.21,11.73,8.35,19.51,18.63,254.405
C,moderate,18.79,17.65,30.11,10.95,19.98,9.09,3.35,16.83,22.74,157.764
D,low,24.13,20.35,21.36,10.76,20.56,8.89,9.79,6.71,6.29,193.007
H,moderate,6.89,21.58,17.32,9.47,20.15,10.93,4.84,16.17,9.25,129.28300000000002
C,very_low,24.61,19.18,37.16,9.96,15.07,10.22,4.36,18.16,10.58,210.63
F,high,26.6,23.85,22.64,8.37,22.42,10.04,7.57,8.75,13.73,236.156
A,very_high,19.33,12.68,20.83,11.4,21.29,11.29,1.85,13.5,20.31,124.695
I,moderate,12.46,15.12,25.52,8.73,21.26,7.85,8.06,6.13,6.68,103.874
I,high,23.04,15.22,30.31,9.66,21.33,10.69,9.16,11.85,21.04,156.51
J,high,26.39,27.02,27.57,10.21,19.96,11.41,5.16,15.1,9.28,288.728
E,very_high,21.28,24.27,25.99,9.94,22.69,8.08,3.01,15.53,23.7,222.01
A,moderate,16.49,27.11,27.02,9.74,21.13,9.01,2.62,16.05,13.58,234.013
C,moderate,21.28,30.56,25.13,11.45,20.61,10.24,2.11,11.5,10.74,292.353
H,moderate,14.99,16.46,23.8,8.33,18.0,10.13,6.84,8.33,20.99,117.978
B,low,24.76,19.37,23.19,8.21,17.77,10.29,9.16,10.73,5.62,201.568
I,high,17.1,20.09,22.19,9.55,17.86,9.22,7.1,14.58,14.63,170.189
D,moderate,20.99,26.11,27.75,11.03,19.85,11.19,7.36,9.36,16.82,231.769
B,moderate,13.79,18.79,29.22,9.3,23.06,10.03,1.96,9.18,5.7,140.842
I,low,19.92,25.08,27.78,10.32,21.76,9.56,6.81,18.53,21.26,232.533
B,very_low,14.55,22.98,25.06,10.33,19.67,10.35,3.26,8.55,8.37,172.016
I,very_low,21.65,33.07,22.05,9.77,16.55,10.81,2.89,7.8,21.06,313.325
C,very_high,11.08,26.48,26.1,9.57,22.18,9.62,4.63,15.75,7.9,197.455
D,very_low,15.91,19.75,29.15,9.57,20.68,9.45,3.12,7.83,22.53,142.342
I,very_low,25.93,25.2,31.29,7.73,18.51,9.0,7.8,11.56,13.14,255.674
D,moderate,13.8,21.32,26.21,9.19,14.45,10.86,7.13,17.29,19.72,158.328
A,very_high,19.61,25.2,25.26,9.98,17.96,11.5,7.33,15.93,12.28,228.367
H,very_high,20.74,19.84,29.62,11.58,18.7,10.15,4.23,19.8,13.66,194.236
I,moderate,14.64,23.83,22.32,10.73,20.93,11.83,4.58,13.87,22.49,185.433
E,very_low,18.89,18.1,22.22,10.15,21.01,9.35,6.68,15.4,8.56,166.25
G,moderate,19.56,23.06,26.79,9.31,20.13,9.43,3.51,11.05,15.98,200.666
B,moderate,19.8,21.77,24.22,12.72,17.04,9.84,9.39,19.23,10.42,210.333
H,low,19.98,18.7,25.13,11.48,21.85,10.72,9.18,18.81,20.25,175.056
A,high,12.52,22.16,27.85,10.29,21.21,9.45,4.16,13.35,18.71,153.916
I,moderate,20.2,26.75,26.79,8.63,19.18,10.7,6.39,7.91,5.69,239.644
B,high,26.86,21.14,27.89,10.55,16.05,9.54,6.82,13.14,11.21,226.944
F,high,21.3,23.42,21.99,10.99,21.23,8.66,3.69,17.05,15.31,222.783
H,very_low,21.4,20.1,24.07,9.47,20.75,8.31,8.05,8.46,12.61,177.405
E,moderate,33.64,17.33,26.6,9.68,17.5,11.79,2.47,19.06,18.07,251.318
F,moderate,17.36,21.28,24.46,9.93,21.06,8.54,2.65,19.16,23.37,181.036
I,low,16.15,27.43,23.39,9.42,17.96,9.07,6.49,6.7,18.16,217.483
I,low,24.93,17.19,22.94,8.87,19.02,10.03,7.09,8.77,13.56,174.874
J,very_low,20.17,22.03,26.71,10.51,19.6,8.5,4.63,7.81,7.23,189.3
J,very_high,29.56,17.39,20.38,12.12,22.63,11.18,7.03,7.24,20.57,190.271
C,moderate,23.83,24.73,25.81,12.31,19.36,9.22,8.61,8.3,17.1,229.214
D,high,22.32,23.11,24.37,11.93,19.67,10.07,8.14,6.02,12.13,204.07
C,low,18.51,10.78,24.77,10.37,18.93,10.36,2.28,15.44,16.0,118.448
I,moderate,20.5,23.89,25.46,10.18,19.0,9.07,5.61,5.18,10.11,207.019
C,high,18.29,27.18,30.08,10.13,17.29,10.22,7.02,6.19,15.45,225.49
I,high,26.35,22.93,24.6,10.3,18.0,9.14,5.46,5.36,15.4,218.703
C,moderate,23.1,23.89,25.42,9.88,18.73,11.76,4.74,16.67,18.78,236.827
I,high,25.1,21.46,20.44,9.94,24.03,9.38,1.09,16.23,21.57,222.541
I,low,18.64,18.21,31.81,11.31,21.32,9.68,6.78,15.45,23.18,158.565
E,moderate,12.77,12.09,23.53,9.68,21.1,8.63,3.41,12.06,16.07,91.085
J,low,30.88,17.32,20.86,11.18,19.68,10.66,7.18,7.26,18.18,197.637
B,very_low,16.2,11.84,27.03,9.77,19.75,10.31,2.52,16.0,19.8,107.588
H,high,21.96,15.65,25.39,11.66,21.74,10.12,3.47,15.92,13.24,166.285
C,low,24.39,21.22,26.16,10.02,19.58,10.63,3.31,7.27,9.83,200.793
E,very_high,22.17,15.89,27.96,9.1,18.42,9.64,8.09,17.89,10.89,173.264
E,high,16.37,20.78,30.85,7.82,18.43,11.66,8.63,19.97,23.43,172.314
F,very_high,24.79,22.17,29.0,11.01,21.19,9.66,1.06,5.95,14.0,204.127
D,moderate,18.46,25.03,25.2,9.89,20.62,10.28,2.33,6.39,11.6,206.757
B,moderate,20.68,16.86,29.97,8.27,16.84,10.2,1.4,6.46,8.4,152.791
C,low,22.64,21.9,27.96,10.31,20.49,10.22,2.03,12.02,17.13,205.532
H,moderate,20.33,26.46,25.79,9.12,21.45,9.35,3.49,19.48,24.07,250.595
H,very_low,23.5,23.07,24.87,9.71,19.91,8.93,8.95,12.31,17.76,217.614
B,high,20.86,23.63,28.8,11.37,19.2,11.4,1.38,18.68,16.56,227.332
J,high,19.36,20.2,23.27,11.16,19.56,9.56,4.41,14.11,16.02,179.617
H,moderate,11.89,34.04,21.6,10.34,20.67,9.92,8.84,14.19,15.31,291.334
I,very_high,11.93,27.69,29.56,9.18,22.76,11.66,3.45,17.77,19.42,213.516
I,moderate,19.9,9.69,29.32,8.76,18.22,9.26,3.53,9.74,9.27,116.51
A,moderate,16.8,14.44,24.83,10.62,18.98,9.89,7.71,14.57,11.87,130.39499999999998
D,moderate,19.46,10.71,18.97,11.67,20.67,9.41,9.54,12.78,17.59,118.275
A,very_low,24.4,19.61,22.92,10.1,21.24,11.26,9.77,13.87,9.24,203.298
B,high,18.87,22.37,28.0,9.56,16.92,12.44,8.92,5.35,5.89,183.296
G,very_low,22.17,18.32,26.13,10.23,20.97,9.25,4.05,13.42,21.88,174.441
I,very_low,26.01,20.47,20.56,11.44,22.17,9.25,3.87,8.22,6.19,207.763
C,moderate,14.39,23.22,21.21,10.23,21.76,9.82,9.89,14.3,11.27,182.728
E,very_low,20.42,20.77,24.44,9.38,20.21,8.05,1.44,10.39,17.87,180.358
C,low,17.96,11.16,23.77,8.73,19.82,11.52,3.34,6.25,21.24,96.467
I,low,15.22,19.08,23.97,9.03,19.08,10.96,8.0,9.45,22.82,136.265
D,high,12.16,11.12,20.08,9.55,18.85,12.15,8.78,10.87,20.49,76.43
I,high,30.75,16.24,29.07,9.8,18.39,10.41,6.91,16.99,21.62,217.954
H,moderate,22.99,17.01,24.16,9.01,19.04,10.79,3.42,5.97,21.05,156.122
H,very_high,14.91,20.61,25.51,9.54,22.65,12.53,7.44,10.16,10.84,154.671
D,moderate,14.73,15.11,27.57,9.32,20.13,9.91,4.67,10.05,9.65,116.512
I,high,9.3,25.63,26.7,10.68,20.38,7.39,1.97,16.2,18.31,176.608
H,moderate,24.43,25.25,28.17,10.59,18.48,10.67,2.18,19.25,5.3,272.064
B,very_low,20.05,13.63,21.51,11.29,17.04,11.04,9.74,7.36,15.09,123.563
C,high,20.94,18.11,29.19,7.61,20.35,9.51,8.98,19.62,22.8,176.871
C,very_low,18.81,21.95,25.35,10.34,19.95,10.29,9.79,19.17,9.67,201.466
I,low,16.44,26.41,24.7,9.42,21.03,9.19,1.78,14.09,17.83,221.829
H,high,29.16,20.67,27.01,10.57,19.0,8.88,7.49,6.98,22.52,211.944
I,moderate,23.7,14.35,28.72,11.02,17.22,10.66,6.97,7.89,22.96,146.054
I,very_high,20.69,18.13,25.69,9.71,16.84,9.25,9.42,14.1,18.39,168.066
I,high,15.23,23.93,21.92,10.15,20.15,10.7,3.0,7.34,21.31,175.811
C,very_high,24.21,26.07,27.94,9.57,19.21,9.71,4.45,17.15,24.19,261.653
I,moderate,29.68,14.38,30.39,9.37,18.84,11.21,8.87,16.21,18.84,202.216
I,moderate,19.28,19.78,32.06,10.85,16.61,11.34,7.85,11.16,11.96,175.111
H,moderate,17.21,13.97,29.24,9.36,18.09,9.21,8.02,8.86,8.72,122.908
J,high,25.72,18.08,31.06,10.76,19.7,10.76,8.38,16.69,6.34,208.963
G,moderate,20.85,18.64,23.77,9.78,19.28,10.42,7.14,5.25,13.65,160.358
C,very_low,22.07,18.63,22.1,10.67,20.0,9.19,1.7,12.34,13.04,175.818
J,very_low,16.16,19.94,25.15,10.99,20.71,8.98,5.65,9.43,22.04,147.903
D,low,20.97,17.06,20.74,8.87,20.04,10.76,9.57,5.23,11.11,146.757
B,moderate,10.11,22.76,26.54,11.15,19.72,9.67,4.1,19.49,13.35,161.55
F,high,13.29,20.21,23.38,10.68,19.09,12.02,2.77,16.31,22.03,144.324
D,very_low,17.33,17.62,29.82,9.44,20.55,10.32,5.65,13.34,19.18,142.979
A,moderate,22.48,27.89,23.89,9.59,20.8,9.64,2.24,14.95,15.09,271.394
I,very_low,13.41,22.91,30.25,11.6,20.13,11.0,4.17,13.14,11.83,171.055
I,high,17.0,21.98,27.36,10.82,19.94,10.85,6.66,9.24,10.59,177.828
C,very_low,18.7,17.97,25.24,9.2,20.47,9.21,4.12,13.02,12.15,155.646
I,moderate,29.82,18.66,24.68,9.26,20.96,10.08,2.82,14.53,6.63,233.828
E,moderate,19.44,15.69,23.53,9.06,16.56,9.04,5.59,8.48,20.74,133.991
D,high,24.46,22.88,20.63,8.24,18.1,8.6,6.42,11.31,12.06,226.473
I,moderate,25.97,19.52,28.81,8.3,18.06,11.16,3.6,16.21,11.73,218.914
D,high,25.5,14.15,22.8,12.53,20.11,11.11,8.6,13.04,10.28,170.222
B,high,13.58,18.28,28.33,11.67,15.21,11.22,4.22,11.74,10.37,133.207
B,low,17.36,20.94,32.83,10.2,22.19,12.52,6.73,12.2,15.79,171.85
A,very_high,31.3,11.43,26.53,11.52,22.74,9.92,2.31,6.49,15.65,161.822
E,very_high,26.09,16.04,27.05,10.23,22.84,10.91,5.32,14.55,18.6,184.478
E,low,19.42,16.63,24.26,9.41,18.94,11.01,7.27,17.59,5.68,165.991
J,very_low,17.72,25.15,23.63,11.01,20.27,8.66,8.15,12.2,14.21,211.764
E,high,18.52,20.91,24.86,9.87,18.08,10.77,5.98,17.42,16.68,186.017
B,very_high,26.08,25.29,28.68,10.46,18.75,10.54,5.43,14.12,5.32,265.47
C,high,18.52,23.49,23.19,9.52,20.7,8.96,7.45,7.51,6.47,194.605
E,very_low,20.57,21.24,27.93,12.05,20.56,10.02,3.21,8.05,13.02,182.97
D,high,19.96,24.7,20.16,11.15,18.77,9.44,2.6,6.23,9.36,210.176
B,low,14.63,23.86,26.69,9.39,15.85,9.16,9.03,13.33,24.93,178.454
C,moderate,17.58,18.56,23.76,10.25,21.44,11.65,7.92,6.85,8.15,151.079
H,moderate,19.28,18.77,24.46,9.98,16.27,9.86,9.15,8.55,22.72,153.728
F,low,19.33,15.9,30.89,9.61,21.37,10.43,6.15,11.65,18.68,138.411
B,high,15.83,19.98,22.15,10.13,18.51,12.78,7.62,16.72,14.91,163.014
A,very_low,16.41,16.35,29.38,10.39,22.1,10.77,5.03,17.16,15.61,137.893
B,low,18.54,21.81,22.01,11.1,17.39,10.32,6.39,8.1,13.16,178.918
I,low,16.72,27.69,25.3,10.86,18.55,9.68,6.92,16.56,9.43,245.567
F,moderate,13.67,13.72,20.99,9.53,14.6,11.1,9.06,6.09,16.62,93.154
D,high,24.57,20.83,24.2,9.93,18.69,8.94,9.23,12.81,15.31,208.79
I,low,16.22,20.02,26.43,10.01,22.84,9.15,3.36,19.75,17.43,170.275
I,moderate,18.58,24.45,30.5,8.69,19.7,8.59,6.13,12.76,19.28,210.85
F,moderate,18.19,24.12,21.77,9.87,19.05,11.02,9.52,10.61,13.73,201.642
G,high,19.93,25.52,17.98,11.96,17.98,10.03,4.76,7.74,12.09,219.302
H,high,22.58,13.0,25.13,9.31,18.23,10.05,6.36,7.85,5.49,141.686
E,moderate,24.23,24.85,32.12,9.38,19.78,9.36,9.23,18.77,23.78,256.818
I,high,22.07,24.35,23.61,12.47,19.73,11.18,9.41,19.03,13.65,243.101
E,low,31.97,19.4,27.18,11.06,19.83,10.28,9.92,10.11,7.67,232.996
B,low,20.57,24.1,21.37,9.98,24.29,9.48,8.11,5.68,17.21,203.104
D,low,12.63,18.26,24.34,10.94,21.95,8.35,7.61,9.69,5.96,124.977
C,high,29.03,24.66,27.83,10.44,18.91,10.91,2.8,5.84,16.78,246.554
C,very_low,22.58,12.6,22.28,9.35,22.8,9.09,8.22,7.04,12.24,131.601
I,moderate,18.95,21.6,28.76,10.21,18.89,9.86,9.92,18.0,21.68,193.369
I,very_high,16.87,20.67,26.72,11.03,18.15,9.26,6.63,14.07,10.26,173.832
A,high,20.46,15.94,20.74,10.65,19.74,10.35,2.44,19.05,9.12,166.759
J,very_low,19.61,24.01,31.92,10.54,20.86,9.67,9.69,8.64,20.87,202.607
I,moderate,23.26,18.98,27.27,11.48,18.52,10.54,5.18,12.45,5.43,194.336
I,very_high,24.21,34.35,22.76,10.88,18.99,10.59,2.85,13.27,14.06,360.075
H,high,23.59,20.98,25.96,8.07,22.29,9.56,8.22,12.6,11.49,206.319
C,low,18.19,21.2,22.25,8.83,22.84,12.12,5.5,19.28,8.57,192.852
D,very_low,13.55,16.0,26.19,9.79,20.96,10.06,2.05,6.08,24.66,99.573
D,very_high,22.1,28.73,21.8,9.82,20.34,10.43,7.16,12.21,6.62,275.989
C,moderate,18.04,21.12,24.17,10.03,24.43,10.39,5.16,18.13,24.77,181.153
C,moderate,28.37,25.0,29.68,11.19,20.77,8.78,9.64,8.24,17.04,252.47
I,very_low,18.59,27.48,27.72,11.1,20.87,10.78,1.02,17.91,15.15,251.992
E,very_high,16.89,21.34,29.04,11.56,18.78,10.27,2.23,6.88,5.12,169.715
E,moderate,13.49,16.85,19.3,11.53,22.05,10.13,1.33,18.97,14.29,132.058
E,very_high,16.82,24.46,21.53,9.91,22.2,10.45,2.25,16.23,11.3,206.838
I,very_low,13.81,15.3,28.46,11.33,18.04,10.58,6.04,8.33,6.18,111.376
B,very_low,23.35,21.96,22.92,9.79,19.53,9.31,6.21,6.93,24.63,192.52
D,moderate,22.39,17.76,27.22,10.26,20.81,9.44,2.63,9.33,9.64,171.156
A,moderate,25.22,11.25,23.71,8.33,19.94,9.57,1.89,8.34,11.88,142.012
C,low,14.95,27.05,23.54,9.59,20.49,10.84,1.75,13.73,5.14,223.551
C,very_high,23.74,24.85,25.66,10.23,17.75,10.37,7.99,7.58,16.1,227.247
C,moderate,25.91,22.3,27.16,12.25,22.18,9.24,1.17,19.17,23.76,242.235
H,moderate,27.15,17.87,22.23,9.37,19.81,9.92,5.56,9.48,21.64,190.608
C,low,28.05,23.02,28.34,8.61,20.03,11.12,4.78,12.26,19.12,242.908
C,high,20.94,17.38,25.11,10.01,22.49,9.92,9.03,12.04,23.5,155.832
H,very_low,22.82,16.72,24.98,11.5,18.64,10.91,7.56,8.2,24.92,152.351
C,very_high,18.42,25.54,23.1,11.37,20.74,9.78,8.32,9.83,14.5,214.057
C,moderate,15.35,20.0,25.66,10.54,23.46,8.23,6.83,10.66,9.58,154.705
I,very_high,22.21,24.74,30.7,9.98,19.31,10.61,4.76,14.17,17.44,235.144
A,high,17.45,16.64,21.4,10.41,22.24,10.38,7.78,6.46,18.95,126.476
A,very_low,24.94,27.74,25.17,9.3,16.71,9.87,1.67,17.96,17.47,290.11
I,very_high,17.12,19.62,15.87,10.23,18.47,10.22,8.42,16.36,15.06,166.774
C,low,18.79,24.7,26.94,9.77,21.23,10.93,2.75,12.12,18.76,208.323
D,very_low,14.67,15.45,22.51,8.03,19.91,11.23,8.12,17.29,7.24,125.031
C,very_low,24.04,20.85,24.22,12.16,17.89,9.14,7.94,19.95,18.94,219.936
I,very_low,17.53,16.21,30.17,10.12,18.08,11.95,5.48,5.93,10.04,128.78199999999998
I,moderate,18.01,16.5,30.6,11.85,18.3,10.05,4.55,11.81,6.04,146.954
A,moderate,20.61,20.07,27.23,10.25,18.21,10.35,5.08,5.03,18.62,166.697
I,high,26.31,19.88,26.24,9.72,20.7,10.11,1.19,14.23,20.67,212.357
I,moderate,23.9,24.17,21.31,11.44,19.73,10.06,8.34,6.93,16.52,224.81
I,low,25.83,17.37,19.74,11.41,18.46,12.23,8.91,12.24,19.21,187.276
D,moderate,21.16,29.53,21.54,10.38,20.74,11.37,9.43,6.51,8.8,269.712
C,moderate,22.24,20.6,24.21,12.21,20.08,10.68,2.16,19.16,7.43,214.75
I,moderate,27.48,13.86,20.25,8.43,22.68,9.2,7.05,16.87,21.43,186.859
B,moderate,18.4,13.86,26.6,7.94,19.06,9.59,6.98,15.6,20.88,132.716
D,moderate,28.03,18.35,25.51,8.22,22.87,11.75,6.82,19.69,6.3,234.622
H,very_low,18.13,18.23,25.06,8.23,21.05,10.24,7.42,10.69,11.23,152.71
J,moderate,23.77,21.54,27.47,9.38,19.12,9.38,5.2,13.88,17.07,216.889
C,moderate,15.18,22.79,23.08,10.24,18.63,8.64,1.13,16.78,16.65,183.018
A,very_high,19.25,19.04,25.39,9.08,17.13,8.02,4.11,18.46,14.27,175.775
C,very_low,11.46,13.77,30.13,10.07,14.88,10.18,1.45,10.7,19.18,86.119
C,very_low,17.2,21.14,28.27,9.69,18.77,10.62,9.23,11.2,12.88,167.672
I,very_high,21.89,21.17,26.15,9.55,23.41,10.71,5.0,13.48,13.02,200.744
H,moderate,30.0,22.95,28.96,11.11,19.47,9.87,5.39,13.8,9.23,266.037
H,high,8.34,13.92,26.95,10.54,19.77,8.49,7.99,18.13,11.67,81.354
H,very_low,11.16,19.28,25.01,9.83,19.31,10.69,6.03,9.17,20.38,118.213
I,high,18.46,16.63,21.63,10.93,14.48,9.89,2.43,11.41,14.19,143.576
J,very_high,29.93,15.78,21.56,9.6,21.4,10.28,2.82,6.67,17.85,182.365
A,low,17.78,22.96,29.75,9.7,21.42,10.05,8.83,5.61,16.12,178.757
E,very_low,23.42,22.35,21.54,10.35,19.14,9.32,1.95,18.13,11.29,230.829
E,very_low,17.56,20.67,22.53,8.93,18.28,11.87,8.63,12.06,22.79,163.376
J,very_high,16.5,12.48,26.86,10.46,20.61,9.67,7.23,6.55,22.16,97.383
I,very_low,19.43,15.75,20.98,9.03,20.44,11.12,4.24,17.44,5.52,158.834
D,very_high,25.72,26.25,22.82,10.45,19.95,9.79,6.08,7.87,10.67,254.234
D,moderate,27.57,16.9,25.67,10.63,17.97,10.66,9.73,18.06,10.15,214.658
H,moderate,20.76,20.98,22.96,11.14,21.26,9.2,3.37,5.22,21.91,171.457
I,very_low,16.26,23.15,27.57,9.52,20.54,9.0,9.2,13.55,18.54,184.365
I,very_low,25.05,18.29,21.12,11.28,17.91,8.92,7.38,18.9,20.46,204.707
C,moderate,9.36,13.97,31.24,11.28,19.38,10.05,1.73,10.67,9.76,82.89
I,high,17.51,16.01,21.13,10.34,19.56,10.32,1.88,9.47,19.78,127.557
C,moderate,15.06,19.37,29.97,9.61,19.36,9.93,1.44,19.13,16.67,157.513
A,moderate,18.28,20.63,26.72,9.27,19.86,11.25,4.62,18.23,23.62,180.813
C,moderate,27.17,16.91,27.86,7.18,19.55,8.98,4.97,5.76,16.89,176.598
I,moderate,18.96,10.81,22.19,10.67,23.85,9.15,5.02,16.57,10.48,129.45499999999998
D,very_low,25.69,17.97,30.14,10.7,14.39,10.83,4.22,18.57,15.42,203.587
I,very_low,18.81,11.5,20.29,10.56,23.64,10.0,6.18,17.39,15.63,127.08
H,high,22.18,25.5,28.52,10.44,21.32,9.86,2.26,8.51,16.25,230.324
C,high,24.6,19.03,27.35,9.54,18.73,8.73,1.92,10.06,7.52,190.898
J,very_low,22.27,27.02,24.57,9.35,22.67,10.37,5.25,7.61,19.8,241.944
J,very_low,23.93,26.01,24.4,10.6,21.8,9.71,2.28,5.56,13.21,239.993
C,moderate,23.57,22.45,29.89,9.88,20.9,9.54,9.54,19.4,22.78,230.858
H,moderate,13.43,16.0,21.67,9.9,19.71,10.16,4.88,9.77,21.36,110.149
C,moderate,9.09,20.61,25.98,9.6,17.72,12.3,4.45,10.97,21.91,120.525
H,low,18.54,18.43,24.16,9.5,15.82,9.88,1.07,15.29,21.0,159.125
H,moderate,18.34,13.47,23.98,10.76,22.68,9.29,2.77,19.69,21.73,136.235
H,high,15.22,16.54,30.7,10.27,18.35,11.39,9.66,6.18,11.53,119.939
B,very_low,16.19,17.12,25.91,8.99,21.14,9.27,5.25,17.12,10.79,148.005
I,high,26.24,17.96,25.97,10.06,20.33,10.25,9.64,11.75,18.04,194.212
H,very_high,23.78,16.21,22.21,10.38,19.11,10.08,8.01,19.06,19.92,181.585
C,very_low,27.15,19.93,27.23,10.06,23.24,8.51,2.67,7.47,19.1,196.698
C,high,25.15,18.85,27.7,9.33,21.73,9.36,7.09,16.66,14.26,205.515
H,very_high,16.66,22.55,18.63,9.88,19.43,10.69,9.42,6.51,17.04,171.154
A,moderate,17.1,20.25,29.15,10.22,21.42,9.44,9.6,6.13,5.88,159.374
D,very_low,18.98,16.79,21.7,10.05,16.72,9.19,7.04,8.24,22.39,134.397
E,moderate,15.07,14.95,21.45,10.4,19.98,10.52,3.45,11.24,10.19,119.597
B,high,25.19,26.03,28.6,10.23,20.21,9.85,9.36,8.87,14.87,252.735
D,high,21.5,18.17,24.59,11.26,17.48,10.52,1.6,13.36,21.13,167.975
I,very_high,21.41,24.5,25.82,9.26,18.42,8.4,8.75,14.58,9.84,233.626
I,very_low,21.81,17.43,29.77,10.34,20.63,10.31,2.92,15.42,14.34,174.936
I,very_low,24.55,25.01,27.37,9.53,21.54,8.97,8.74,18.76,22.72,257.038
J,very_high,16.67,19.29,25.3,9.64,20.58,10.02,1.38,17.02,12.68,164.586
I,high,25.25,17.63,24.67,9.94,24.57,9.6,7.25,11.75,19.1,183.392
I,very_low,16.16,26.09,26.38,7.35,20.91,9.92,9.97,15.52,13.88,222.705
E,low,18.18,18.49,25.94,9.44,19.19,11.81,6.2,15.08,18.97,158.14
D,very_high,16.58,14.99,27.42,10.63,14.95,10.54,8.35,10.29,7.44,125.569
C,very_high,19.12,19.27,25.0,10.64,22.11,11.1,2.18,12.9,21.44,162.454
I,moderate,24.56,19.04,29.84,10.2,24.3,11.61,9.83,5.53,16.65,179.934
I,very_low,9.98,26.7,27.29,7.8,19.41,10.19,3.85,16.54,8.29,196.536
C,very_low,24.42,27.31,26.38,9.3,20.91,10.44,3.06,11.6,17.53,263.831
I,moderate,20.13,15.36,28.59,9.33,19.89,10.13,2.49,19.58,6.77,166.804
D,high,21.41,15.07,26.48,10.71,20.35,9.62,4.63,7.53,21.72,135.196
H,very_low,23.49,26.32,22.25,9.21,17.82,9.03,3.23,17.61,16.48,264.258
E,very_low,10.82,22.64,23.93,10.53,21.3,10.42,9.48,11.34,21.52,144.861
D,very_high,18.69,13.02,25.98,10.27,19.77,11.09,2.21,7.41,9.37,117.161
C,very_high,22.16,17.02,31.71,11.19,19.82,9.3,4.3,10.55,10.9,163.29
H,very_low,18.34,23.48,19.64,8.89,20.75,9.97,4.45,6.33,23.99,181.335
D,moderate,23.01,20.14,27.2,10.34,21.26,10.38,3.72,8.03,23.1,181.339
C,moderate,24.68,20.78,26.76,9.92,19.82,10.17,9.68,11.8,7.97,215.062
I,low,10.28,30.05,27.88,10.49,20.02,12.2,1.0,17.1,10.17,236.469
C,high,18.11,24.14,27.36,10.2,21.88,10.64,6.03,16.98,21.72,206.34
D,very_high,21.55,12.51,27.09,9.87,19.2,11.3,7.86,9.13,22.01,125.253
H,very_low,25.76,25.0,19.87,10.46,22.09,8.99,4.81,17.13,24.85,258.83
J,high,15.03,19.06,27.7,9.64,20.48,11.76,2.52,9.12,7.74,146.155
B,moderate,19.89,24.87,23.67,10.35,21.8,12.15,3.47,6.6,11.89,215.388
D,low,26.4,14.79,25.64,10.57,18.39,10.92,7.31,10.23,22.27,164.791
I,high,25.65,20.77,28.52,9.36,18.57,11.62,7.53,14.71,15.48,220.889
A,low,18.39,21.45,31.53,10.11,18.47,10.08,9.78,13.99,23.62,179.244
B,very_low,21.59,16.48,27.23,10.27,16.84,9.96,4.15,15.35,9.31,172.25
D,very_low,18.47,22.3,24.6,9.8,16.97,8.85,8.42,6.47,7.95,181.051
F,moderate,27.88,20.99,22.34,8.92,21.46,9.24,8.65,16.7,17.86,238.718
E,very_high,18.27,25.61,24.65,9.95,17.55,9.83,4.68,17.87,11.59,231.776
D,high,15.78,17.39,18.97,10.49,19.1,9.82,2.32,19.36,22.63,141.509
I,high,14.52,23.37,24.71,10.57,22.2,10.77,2.15,13.65,19.83,178.447
J,high,23.98,16.65,26.71,10.16,21.48,10.02,6.8,8.35,5.62,172.058
A,very_low,25.27,22.5,22.17,10.01,21.29,10.53,7.54,8.53,12.03,217.14
E,very_high,23.66,12.95,28.14,10.09,18.35,10.06,5.58,8.28,9.42,144.217
D,high,28.24,21.81,23.62,8.64,20.02,8.04,6.58,12.42,20.56,231.954
I,high,11.81,21.34,26.11,11.18,17.81,11.76,9.18,11.69,14.66,146.366
E,very_low,23.7,20.9,23.09,8.46,21.48,12.05,8.3,15.18,21.77,204.066
A,very_low,26.98,23.18,23.54,9.38,21.69,10.37,7.23,9.54,6.53,237.232
D,very_low,28.44,18.37,26.75,10.0,20.18,10.59,1.08,12.02,24.52,200.242
C,very_high,21.75,15.75,26.67,9.08,20.27,10.35,9.63,13.24,22.09,151.176
B,very_low,15.37,8.69,24.44,9.03,17.66,10.23,5.2,16.64,8.71,101.253
D,very_high,26.82,12.32,26.43,9.5,21.37,10.75,9.11,17.85,8.87,180.803
A,moderate,16.08,20.58,24.18,10.43,20.86,11.6,3.89,14.62,8.39,170.166
I,very_high,16.69,21.31,22.14,10.41,18.62,10.48,3.01,16.76,10.0,180.999
J,very_low,17.24,22.41,25.69,10.14,17.89,11.58,9.11,15.87,12.22,192.593
E,very_high,19.44,13.78,26.22,8.46,21.53,10.68,6.42,16.23,7.09,143.837
I,very_low,27.5,20.86,23.54,8.89,21.55,9.67,2.14,18.93,19.01,240.024
E,moderate,23.28,17.85,22.55,9.84,20.06,8.66,1.94,6.8,6.9,172.762
I,very_high,23.87,13.45,19.98,9.34,18.79,12.1,1.04,11.43,13.3,153.413
A,very_high,14.53,17.9,20.24,11.26,18.77,8.36,3.03,5.16,21.03,118.364
E,very_low,24.64,24.09,22.69,11.19,21.48,10.05,3.76,15.84,24.09,239.182
H,high,25.45,8.56,25.77,10.38,20.48,11.11,3.54,5.56,23.7,119.097
B,low,10.21,22.08,26.67,9.68,19.38,10.71,2.19,15.36,8.84,150.641
C,very_low,23.9,23.64,23.98,11.16,21.68,9.92,2.94,7.22,8.6,219.801
B,high,16.85,17.4,28.98,9.71,16.59,10.01,2.69,11.37,5.85,147.669
H,moderate,14.73,20.88,30.27,9.94,17.54,11.2,8.96,11.62,22.53,153.53
C,moderate,28.22,12.33,23.19,12.78,25.06,8.92,5.05,16.02,6.34,188.208
A,very_low,20.79,22.79,32.11,11.4,18.7,9.15,9.59,13.55,12.13,206.733
A,moderate,28.12,21.4,29.92,11.57,19.67,9.43,3.33,9.31,11.88,225.635
E,low,12.37,27.95,20.98,9.0,21.81,10.59,2.92,11.4,7.73,216.759
I,moderate,22.68,21.01,26.47,9.64,21.94,9.09,9.82,13.87,11.85,209.669
A,high,23.45,24.12,24.19,10.92,20.24,8.8,2.27,10.9,10.49,231.012
A,very_low,17.53,21.79,20.66,9.75,20.01,9.16,8.14,7.04,7.83,171.845
A,moderate,27.8,25.08,21.99,10.77,19.61,9.49,4.46,13.29,14.39,269.335
I,very_high,17.56,24.98,23.74,8.86,22.7,10.39,4.98,14.45,16.73,212.087
I,low,18.63,11.91,27.87,9.34,19.21,9.69,1.23,12.42,15.55,119.317
B,moderate,23.86,16.74,25.9,8.07,22.17,10.47,4.45,8.91,24.06,163.992
C,moderate,21.98,20.71,25.2,10.81,20.59,9.72,7.94,11.68,8.08,196.087
I,very_low,13.59,22.78,25.85,10.51,21.11,10.27,2.01,7.12,14.17,162.237
H,very_low,22.3,19.09,28.96,10.79,21.51,9.8,3.4,15.01,18.87,185.963
B,very_low,14.86,19.2,24.85,11.01,21.4,9.66,6.77,7.99,11.83,141.087
J,very_high,14.59,23.33,16.62,10.22,18.24,8.71,9.92,7.3,15.52,169.008
I,very_low,25.58,9.25,26.85,9.77,19.29,10.73,6.34,15.45,16.95,149.17
F,very_low,24.03,21.9,18.41,10.05,18.08,9.45,2.36,16.15,7.7,226.704
C,very_low,20.01,25.91,23.5,9.92,22.52,9.76,9.3,19.29,24.99,238.985
I,high,23.02,36.92,26.64,10.27,21.37,10.37,5.6,5.5,9.53,375.693
B,moderate,25.76,21.19,24.36,9.19,20.22,10.91,7.65,15.24,7.54,232.989
C,low,22.41,18.87,16.8,10.34,19.69,7.8,7.05,15.9,24.28,180.439
E,high,12.98,12.53,27.44,9.9,20.25,11.25,1.32,11.0,6.53,93.752
I,moderate,27.21,18.71,27.0,10.53,20.62,10.48,2.78,9.73,23.56,196.748
I,low,19.0,12.95,28.91,9.34,18.46,11.85,6.54,5.44,11.9,115.085
E,very_low,9.13,24.44,25.32,11.74,20.23,10.48,9.67,16.27,8.83,166.536
D,very_high,22.13,18.8,22.6,9.49,20.92,9.21,6.64,7.53,10.85,170.55
J,low,12.56,16.31,24.62,11.68,19.21,10.63,2.33,5.08,7.62,109.14
A,very_low,30.66,23.22,27.42,9.61,18.45,8.72,8.63,5.36,15.43,238.136
D,moderate,22.33,21.67,25.34,8.56,25.48,10.44,7.26,12.49,11.42,206.87
C,very_low,22.24,22.49,19.58,8.29,20.96,12.6,7.82,18.4,24.21,216.852
B,high,18.87,25.33,18.08,10.88,21.01,10.61,4.02,13.34,14.29,223.217
E,high,18.6,24.16,22.05,9.21,21.9,9.71,9.69,13.52,18.57,206.852
C,very_high,17.4,24.86,26.6,10.21,16.41,9.5,5.83,16.57,17.52,211.596
D,very_low,16.76,17.3,26.33,9.38,21.75,9.41,7.83,13.41,8.75,141.845
C,very_low,24.0,9.95,25.73,10.0,19.65,9.57,5.96,12.07,6.15,141.943
C,very_high,21.32,11.57,31.18,10.13,21.48,9.32,2.47,18.43,9.06,146.615
I,very_high,27.66,21.44,24.72,10.08,20.36,10.82,7.54,13.71,6.95,236.689
B,high,23.11,16.16,17.88,8.76,19.8,10.21,4.0,7.04,19.43,151.363
H,low,25.36,20.25,27.21,9.16,16.7,11.36,9.41,17.64,22.66,216.299
H,moderate,21.22,20.4,23.58,10.28,20.56,11.77,2.48,14.26,22.56,188.627
E,very_low,22.57,18.43,20.35,11.01,22.32,11.64,9.74,17.91,17.37,190.765
F,moderate,16.43,12.52,23.6,9.9,18.49,9.17,8.49,17.68,16.51,118.833
D,low,17.62,18.79,27.75,9.67,20.97,10.24,4.21,11.09,14.99,152.235
H,very_low,15.61,10.32,22.39,10.32,20.93,10.46,3.17,10.08,16.75,90.26
I,very_high,20.34,15.48,24.36,11.16,20.08,11.17,2.95,18.43,17.85,159.197
J,moderate,18.65,27.85,26.4,8.31,18.89,9.63,8.91,5.5,18.31,233.717
B,moderate,22.14,16.56,20.31,11.37,21.91,8.08,8.44,11.28,16.06,165.616
B,high,23.9,22.08,26.42,11.72,20.03,10.18,6.25,17.53,5.53,233.66
D,moderate,21.36,19.55,25.69,8.87,17.25,9.95,4.44,14.4,23.45,182.232
C,moderate,17.12,22.03,26.7,9.16,18.7,10.41,4.3,5.16,20.09,164.782
G,low,27.29,19.71,21.14,8.65,22.27,8.26,6.85,15.4,23.52,217.132
B,high,21.76,16.14,23.58,10.23,18.55,7.71,8.03,16.12,12.57,169.647
I,moderate,17.45,17.0,23.15,10.58,17.17,11.24,1.81,16.94,24.89,148.838
D,very_low,12.77,15.74,22.02,11.93,19.45,10.72,5.42,15.82,13.52,112.253
J,very_low,9.52,25.25,26.5,8.99,22.37,10.54,2.33,9.36,13.55,168.295
H,very_low,18.38,29.22,23.08,9.83,21.2,10.49,1.65,11.01,12.74,257.338
F,high,10.79,16.93,31.48,11.54,18.33,11.49,5.96,8.51,22.07,97.013
C,moderate,21.09,13.91,26.1,11.87,21.86,9.01,8.01,6.16,24.98,124.639
H,very_low,18.2,12.57,27.29,9.77,18.42,9.46,4.25,7.91,9.1,114.416
C,moderate,16.11,30.55,25.5,8.23,16.54,10.69,1.43,14.92,22.1,263.75
I,moderate,27.88,22.57,25.19,9.72,19.82,8.54,7.08,11.25,11.21,242.751
C,very_high,18.23,22.73,27.57,8.73,23.29,9.95,9.67,17.88,9.19,204.132
H,low,24.57,27.54,27.35,9.14,17.43,9.84,4.73,5.78,23.63,252.105
I,low,18.87,27.91,24.79,10.66,20.36,10.92,4.27,16.81,15.54,257.243
D,very_high,23.7,20.3,29.82,11.09,20.5,9.89,5.94,11.46,15.69,195.779
I,low,13.5,19.32,27.04,9.9,23.23,9.56,2.33,8.93,24.06,130.462
B,very_low,20.01,25.96,20.82,10.84,20.47,10.79,2.64,5.71,5.3,226.927
I,high,20.98,26.64,26.84,10.45,21.32,11.15,7.76,13.39,6.26,254.44
B,low,16.79,20.49,22.02,9.37,19.73,8.95,9.86,11.71,7.99,170.137
C,high,22.57,16.84,22.33,9.96,21.14,10.24,6.96,12.59,15.05,167.932
A,very_low,29.38,29.0,24.69,10.68,21.73,10.09,6.95,17.51,15.71,327.124
C,very_low,22.81,14.15,20.95,8.65,18.13,10.62,5.37,11.96,18.09,149.658
I,moderate,18.11,25.5,26.95,12.29,17.74,10.82,4.91,8.59,15.77,212.772
I,very_high,12.88,24.35,29.22,11.14,16.69,10.38,7.15,18.56,24.85,180.815
D,low,14.26,16.54,21.29,10.13,21.0,9.17,3.03,12.28,9.58,123.219
C,moderate,20.04,28.62,26.24,11.28,21.57,9.3,5.56,16.53,9.73,273.423
E,high,22.51,26.94,21.73,9.62,20.45,10.5,4.19,11.22,13.56,252.718
I,very_low,29.56,11.57,24.91,9.61,18.61,10.31,3.49,14.33,5.09,187.098
I,moderate,22.08,23.03,30.93,9.64,19.56,10.15,6.96,15.13,8.87,227.86
B,high,32.48,22.92,23.53,10.04,20.39,11.63,7.32,11.53,16.6,266.651
H,moderate,20.01,26.05,25.79,11.01,19.51,8.57,5.73,15.1,11.68,243.009
I,very_high,16.85,22.03,26.95,10.01,21.82,8.65,3.76,6.12,8.61,169.991
D,moderate,22.55,21.27,24.59,10.54,23.5,9.21,8.51,18.52,10.01,219.944
I,moderate,15.95,16.41,21.61,10.62,19.16,9.24,9.37,10.57,19.06,127.194
A,high,21.88,15.89,23.96,11.26,17.62,9.42,8.2,16.86,23.75,161.041
H,very_low,23.72,16.85,27.13,9.76,20.0,10.34,5.79,13.43,15.12,177.414
H,moderate,22.36,19.14,25.2,10.21,17.54,10.4,4.99,14.57,14.14,192.685
F,moderate,14.54,20.89,21.05,8.9,19.17,9.27,5.96,11.5,21.0,152.454
A,very_high,20.08,20.15,29.05,9.96,21.35,10.5,2.55,11.35,12.78,178.4
I,moderate,22.33,25.21,22.56,8.46,19.11,8.74,2.64,11.07,6.5,241.544
I,very_high,7.8,16.07,19.77,9.72,16.96,9.89,9.71,15.95,17.56,87.942
A,high,28.14,18.44,24.14,7.46,21.27,9.73,6.22,10.32,20.42,198.515
J,moderate,24.99,18.18,24.22,7.87,20.75,9.26,1.9,8.07,23.1,180.752
I,very_high,24.55,17.08,25.2,8.85,22.36,9.47,8.53,12.78,18.38,177.327
H,very_low,13.84,14.22,25.85,10.17,20.32,9.73,1.38,15.05,7.63,112.286
B,moderate,12.98,21.67,27.42,9.88,18.26,12.95,8.29,12.91,20.35,154.541
H,very_high,13.01,23.69,25.2,10.72,20.75,8.09,9.18,11.88,5.04,178.607
I,very_high,13.35,23.93,26.63,9.16,25.04,9.31,9.81,6.96,8.69,173.933
H,moderate,19.92,22.1,28.29,10.17,20.71,9.27,7.86,11.75,14.04,195.827
E,moderate,14.65,18.75,32.0,10.48,22.42,11.32,8.79,15.18,7.88,149.593
D,moderate,18.76,16.59,29.34,9.1,17.17,11.25,2.96,8.76,14.37,141.477
D,low,25.52,21.48,23.46,10.09,20.03,9.85,4.28,9.7,21.02,208.409
D,low,24.62,17.96,22.53,10.36,15.19,11.56,7.18,14.99,7.44,195.222
I,moderate,19.4,32.12,25.41,11.62,20.14,10.71,1.39,11.82,8.71,305.841
C,low,17.04,24.98,27.36,10.0,19.09,10.59,6.85,14.31,22.79,205.034
A,very_low,20.68,21.04,29.56,10.91,21.08,10.62,6.5,14.77,20.49,189.202
C,moderate,18.84,17.91,21.47,9.28,17.9,10.02,7.85,19.85,11.07,172.396
H,very_low,20.17,21.76,25.82,11.04,21.15,11.12,3.92,19.9,18.88,204.793
E,very_low,11.18,11.23,23.12,10.08,16.84,10.62,3.09,8.83,18.57,70.149
H,moderate,21.4,13.8,28.41,10.15,22.2,11.22,1.07,14.28,6.3,152.197
I,moderate,15.66,24.15,23.27,8.46,18.67,9.12,2.6,5.01,18.72,180.265
I,very_high,20.41,22.48,23.68,9.64,21.53,9.61,8.86,15.66,11.68,209.461
E,very_high,24.62,30.56,27.74,10.82,19.74,8.9,1.44,17.83,15.16,322.024
F,very_low,18.58,26.5,26.34,10.45,24.77,9.3,1.08,11.25,18.21,223.934
B,high,25.36,20.35,25.34,9.97,21.4,10.96,5.31,12.5,21.21,206.791
E,high,16.4,25.0,25.57,9.14,19.4,11.04,2.53,5.22,23.91,185.822
C,very_low,25.47,25.54,24.44,8.81,21.03,9.96,3.83,13.09,9.5,259.281
J,moderate,18.73,19.95,25.33,10.42,18.74,10.07,8.88,6.3,19.65,158.857
F,moderate,19.67,19.0,25.4,8.81,22.78,10.36,8.37,12.93,7.36,176.044
E,low,12.78,20.54,20.05,10.71,20.57,8.97,1.39,7.06,18.17,135.454
D,low,18.61,19.85,28.75,10.9,19.34,10.03,4.1,5.92,15.21,156.968
E,high,24.32,17.14,23.02,10.28,19.5,8.76,8.67,7.08,20.64,162.531
I,very_high,23.59,21.79,25.36,9.25,19.2,10.21,4.73,9.45,14.09,205.352
A,very_high,18.56,14.19,19.08,10.01,17.3,10.62,9.23,18.74,23.62,133.887
A,high,26.97,15.8,31.89,11.92,18.84,11.95,6.58,18.48,22.43,195.901
A,very_low,24.59,16.06,22.25,10.66,22.36,9.88,6.05,13.01,14.71,173.349
A,moderate,14.36,17.07,24.91,11.03,18.64,8.39,7.67,13.99,24.26,124.801
J,very_high,24.23,28.45,27.66,10.03,21.37,10.98,2.69,5.74,11.86,267.684
I,moderate,16.57,24.68,20.1,8.88,18.9,10.13,3.62,7.59,14.85,196.94
B,very_high,24.14,16.55,25.8,9.41,20.15,9.42,9.5,13.47,6.32,183.188
C,very_high,26.4,10.02,28.11,11.17,20.24,9.98,2.03,19.61,20.19,165.454
I,very_low,14.16,21.14,26.41,11.03,18.22,9.42,2.55,9.68,10.67,154.081
H,very_low,22.41,22.45,25.56,9.01,21.84,9.97,2.76,7.15,20.09,195.402
I,moderate,20.22,24.5,27.34,9.36,19.77,9.84,6.76,5.82,13.67,208.596
H,moderate,28.1,24.18,19.44,12.0,21.45,8.67,9.1,10.49,14.47,253.661
E,very_low,24.65,19.34,27.98,10.13,19.7,9.7,8.52,11.1,22.77,188.767
H,moderate,13.51,28.37,26.08,9.28,18.39,9.22,8.19,9.24,23.5,216.194
H,very_low,17.06,18.06,21.06,8.83,18.8,9.6,7.24,13.15,8.91,151.204
C,moderate,16.93,20.56,22.15,9.68,22.76,8.18,7.23,16.82,10.31,178.28
A,high,23.99,25.07,23.29,12.6,20.87,10.46,2.86,16.51,22.75,248.798
I,high,12.74,20.96,24.36,11.45,17.55,10.48,7.04,16.92,22.52,151.738
A,high,19.8,18.91,28.94,10.21,16.13,10.78,8.85,19.28,24.6,175.047
B,low,19.11,26.11,22.17,9.21,19.11,11.33,8.38,7.89,20.42,218.813
A,moderate,11.67,12.05,21.86,11.77,17.04,9.44,6.73,16.32,23.01,83.612
A,high,17.25,24.92,26.36,11.1,17.46,10.12,3.03,10.19,11.77,204.564
E,very_high,21.9,18.74,29.69,11.64,21.43,9.54,3.89,10.09,24.32,165.161
D,high,22.3,19.47,26.45,10.09,23.2,9.51,7.74,17.7,20.66,191.959
C,high,16.33,18.21,21.41,10.22,17.22,8.71,6.9,6.8,16.44,131.864
C,moderate,26.29,20.8,21.83,8.44,23.31,9.58,7.0,9.84,21.43,206.311
D,moderate,15.78,27.97,21.36,11.16,21.95,10.41,1.82,11.02,12.09,231.372
H,moderate,28.32,21.64,23.25,10.34,18.49,10.11,2.24,6.76,10.05,224.806
H,high,23.65,27.21,25.21,10.75,22.95,9.98,3.15,6.43,19.44,247.54
I,high,16.65,20.64,26.42,9.21,18.59,9.36,9.57,15.33,9.55,175.758
H,high,31.05,19.0,30.73,9.26,19.07,9.21,8.45,11.64,11.98,228.095
I,very_low,25.54,29.35,29.47,10.79,20.79,10.13,9.24,12.12,5.76,306.215
E,low,22.97,20.35,26.45,9.27,19.23,8.41,6.57,6.7,5.52,187.641
I,high,9.69,21.02,22.44,10.08,22.89,8.38,1.11,8.46,10.72,132.168
D,very_low,13.77,23.55,16.5,9.74,20.22,9.63,2.94,13.34,7.48,179.002
F,moderate,17.87,20.41,29.16,9.47,22.83,8.82,6.06,6.81,15.5,160.022
I,very_low,24.79,18.28,25.05,11.36,17.1,10.66,3.88,17.04,6.93,206.674
G,moderate,20.08,18.93,26.71,8.34,17.48,9.79,2.69,9.8,19.9,163.554
I,moderate,17.42,24.8,26.68,11.06,22.23,11.35,7.05,7.42,13.11,203.757
C,very_high,13.87,22.82,23.95,9.56,19.79,9.69,4.08,16.38,17.54,172.334
E,moderate,17.73,19.31,25.87,9.92,19.45,9.23,9.26,10.41,10.48,161.063
F,moderate,17.79,21.79,26.86,8.86,21.93,10.16,7.05,6.57,17.41,169.694
A,very_low,22.87,15.08,27.49,10.23,18.17,10.63,7.2,9.84,22.45,143.897
A,very_high,14.46,23.21,27.65,10.06,19.52,10.93,3.95,16.52,19.99,178.056
I,high,22.36,27.42,27.94,10.43,19.03,10.02,7.64,12.04,6.91,265.032
E,low,18.89,19.1,23.46,9.39,21.17,8.45,7.77,5.51,18.63,149.668
E,moderate,15.57,24.0,20.61,10.74,21.43,9.7,4.01,16.79,17.22,198.317
I,moderate,18.2,19.47,20.3,10.82,19.83,10.3,5.84,14.92,10.01,175.157
J,very_low,18.74,20.2,25.25,11.88,18.66,9.69,9.22,15.22,10.36,179.631
C,very_low,15.97,15.99,21.02,9.1,23.84,11.15,5.47,15.36,15.58,129.285
C,very_low,16.34,20.05,25.97,9.66,19.85,11.01,1.16,7.95,13.13,151.434
C,very_low,15.22,31.02,28.3,9.32,19.61,11.61,5.32,18.76,21.32,269.721
D,very_low,18.35,20.95,26.69,8.63,21.24,9.38,7.69,7.96,24.55,160.586
I,low,22.0,12.41,25.21,9.74,23.08,10.13,4.07,12.92,18.62,137.285
E,very_high,18.93,27.82,21.67,9.58,21.45,8.45,9.75,6.86,10.75,238.098
D,very_low,29.03,27.38,23.22,9.2,18.57,9.51,1.03,8.57,5.24,286.488
E,low,19.73,15.78,30.25,8.4,17.3,10.86,3.8,5.33,11.99,134.766
A,very_low,21.27,19.45,23.98,10.33,23.66,9.05,9.16,7.18,15.38,167.894
H,low,24.17,23.95,24.51,8.37,22.94,10.77,7.93,7.34,13.44,222.07
C,moderate,18.18,24.4,25.65,9.17,20.74,8.96,6.31,10.44,7.81,208.769
I,high,16.69,14.58,27.68,10.17,22.14,10.1,9.1,13.03,12.35,127.891
E,moderate,15.66,18.74,21.52,8.96,17.09,9.29,6.49,18.45,14.64,158.371
A,very_low,23.52,8.48,24.12,11.07,20.26,11.18,9.21,15.21,7.05,139.145
I,high,26.45,17.15,26.79,8.56,20.4,11.62,1.78,8.38,7.76,185.342
D,high,21.7,20.8,25.01,10.37,20.93,9.03,7.36,15.78,19.37,196.721
I,moderate,17.77,27.5,26.26,9.46,17.49,9.43,8.53,5.76,15.64,229.395
A,high,26.99,23.37,21.67,8.53,19.4,10.4,2.52,5.12,13.67,223.725
A,low,25.38,13.57,26.51,9.85,18.81,9.21,4.33,18.28,8.55,180.148
C,very_low,20.21,12.15,24.95,9.74,19.55,9.31,4.14,17.7,11.63,138.376
B,moderate,23.39,24.94,23.62,11.26,17.38,10.08,9.8,10.41,15.83,237.398
I,very_low,16.76,18.41,21.0,10.68,17.2,10.08,3.27,8.68,23.96,137.257
E,very_low,19.63,26.5,25.6,10.02,17.3,8.92,6.66,5.36,13.11,222.567
B,high,15.46,15.18,21.43,10.31,18.49,11.05,3.55,13.09,15.69,122.92
B,very_high,19.81,16.1,25.56,8.63,21.42,10.08,9.13,5.48,16.27,134.33
I,high,25.46,17.96,22.99,9.8,22.0,8.73,3.05,16.89,5.85,207.06
E,very_low,16.53,27.9,29.8,9.66,20.77,10.35,6.16,14.26,18.99,233.917
D,very_low,27.07,19.08,22.26,8.59,20.63,11.37,4.64,15.43,24.17,208.285
C,very_high,18.06,28.24,23.21,10.32,19.76,8.97,4.72,7.3,6.67,240.155
E,high,22.62,18.56,34.95,9.97,18.47,11.78,4.82,7.58,15.93,169.349
J,low,9.76,23.21,28.03,9.55,17.51,13.54,5.55,7.27,16.44,148.501
B,high,23.24,22.86,20.15,10.51,20.62,8.55,2.28,19.78,14.17,238.05
H,low,15.21,20.65,28.49,8.73,19.28,9.52,7.53,11.84,17.7,152.615
H,high,10.48,19.74,23.73,10.45,19.73,10.08,2.15,16.85,15.75,130.208
D,moderate,16.55,17.01,25.41,10.28,17.39,11.25,8.7,16.28,17.82,143.913
C,very_high,14.69,22.33,25.01,11.63,20.45,10.31,8.54,6.88,19.85,158.069
J,moderate,20.04,17.46,26.29,10.71,18.12,10.36,4.48,15.29,17.53,168.646
B,moderate,21.55,15.68,26.68,10.03,21.66,12.2,4.29,14.21,17.33,159.199
C,low,19.77,22.84,25.53,10.94,22.19,9.52,5.22,5.44,22.45,182.029
A,very_high,22.5,23.16,27.45,9.57,23.51,10.42,7.18,9.62,23.86,203.161
I,very_low,26.03,29.12,25.15,9.19,21.88,10.84,8.05,14.02,22.58,297.632
I,high,20.7,20.18,23.71,10.69,19.76,8.56,4.41,11.6,15.25,183.368
I,low,24.47,15.44,26.47,9.43,17.62,10.25,7.95,6.44,20.68,152.074
D,very_low,25.72,27.29,27.74,9.39,15.14,10.54,8.25,14.53,11.68,281.62
E,very_low,21.39,15.79,23.22,9.42,18.37,10.67,4.09,16.85,22.48,158.511
C,moderate,15.07,27.98,21.75,11.25,21.13,10.31,7.57,12.02,7.18,231.963
E,low,11.33,28.78,29.08,9.88,23.05,10.49,6.85,19.93,20.48,221.765
H,very_high,22.93,14.9,25.56,11.27,22.08,10.1,5.57,14.34,10.24,163.074
H,low,16.78,26.04,22.64,10.0,21.31,9.43,6.87,19.14,6.37,232.683
I,moderate,19.03,17.9,23.7,7.56,19.46,10.41,6.04,17.21,17.76,166.592
E,high,24.91,15.26,27.8,8.66,18.4,9.74,9.45,6.57,20.95,152.666
C,low,18.59,18.16,25.77,10.53,21.77,10.81,5.44,14.08,5.96,163.649
J,very_low,19.0,20.9,25.57,10.53,20.36,10.9,8.64,5.42,6.76,171.305
A,very_low,17.87,21.07,22.51,11.24,19.38,9.74,9.78,14.57,15.71,174.886
C,very_low,15.6,24.13,25.83,9.76,18.34,8.83,8.48,15.61,20.8,189.686
D,moderate,19.34,16.32,22.72,9.26,17.7,9.43,7.93,7.05,10.69,140.843
C,very_high,17.68,16.25,27.59,11.71,21.28,9.36,2.18,14.55,24.7,134.629
D,low,17.88,18.34,25.95,11.74,19.48,9.97,5.33,11.78,13.71,151.404
A,very_low,13.98,15.34,28.39,9.12,19.91,9.91,6.23,10.61,19.33,106.832
I,very_low,21.2,22.22,26.01,9.02,23.42,10.03,4.36,5.65,16.51,187.368
B,very_low,22.67,22.53,23.02,9.12,20.91,10.87,4.76,8.27,21.75,201.586
C,low,18.48,12.97,15.25,9.59,19.85,7.58,8.12,7.51,12.82,115.197
F,very_high,22.38,31.47,22.6,10.35,21.17,8.99,7.24,5.7,8.75,295.651
G,high,21.15,20.16,23.07,8.28,18.51,10.24,9.58,11.2,5.65,186.126
I,very_low,17.55,29.97,30.39,8.87,19.87,9.14,5.15,6.98,13.32,256.082
D,moderate,10.51,15.15,25.6,11.1,21.3,10.28,2.74,9.97,23.96,88.566
D,very_low,17.53,16.65,29.14,9.45,17.45,10.94,6.94,11.81,24.93,129.779
E,very_low,21.42,18.73,27.3,9.69,22.07,10.25,9.11,17.52,9.14,191.106
E,high,21.01,16.15,21.91,10.04,18.74,9.08,6.06,13.87,19.58,156.913
E,low,23.03,18.21,27.42,11.37,15.8,7.91,5.14,5.15,9.75,165.508
E,very_low,24.22,27.74,26.14,11.17,19.67,9.03,3.16,15.73,10.93,283.501
A,very_high,21.84,15.42,24.77,11.04,17.26,8.68,7.55,17.07,11.45,165.569
F,moderate,17.73,19.01,35.13,10.18,18.42,9.41,2.04,12.91,13.67,159.582
A,moderate,21.21,15.4,24.21,10.02,22.72,9.99,7.59,9.27,18.73,142.78
E,moderate,19.17,25.77,31.01,8.34,20.09,12.01,9.91,9.01,14.92,221.882
B,very_low,25.88,22.42,20.78,11.66,22.54,8.5,1.7,8.75,22.75,217.109
J,moderate,10.07,20.35,26.88,8.92,17.84,10.16,4.71,9.0,17.31,128.227
H,moderate,15.56,14.55,25.61,10.16,19.69,10.08,7.2,18.2,20.04,122.778
I,moderate,10.26,23.22,24.06,12.25,20.69,9.67,1.97,13.6,6.85,165.375
C,moderate,25.8,24.0,21.73,10.89,21.03,10.37,7.06,16.97,23.54,249.867
B,high,11.8,17.11,24.75,9.18,18.52,9.9,8.98,12.53,5.94,119.274
I,low,16.38,19.61,26.52,9.78,17.56,9.38,9.69,13.37,8.52,163.479
I,moderate,18.17,17.59,25.56,9.31,21.5,9.91,4.76,16.59,9.72,164.09
H,very_low,16.43,22.03,22.81,11.21,25.13,10.38,9.84,11.2,8.55,176.462
C,moderate,13.28,24.89,26.67,10.23,16.98,10.41,3.73,5.04,17.66,177.301
I,moderate,9.15,22.2,25.93,10.07,23.18,9.78,5.15,16.43,8.54,150.541
H,very_low,25.77,20.91,23.11,9.43,19.27,9.78,4.22,19.37,18.56,229.441
I,low,15.64,17.82,27.09,8.8,21.54,10.57,9.87,14.17,14.88,142.045
I,very_low,13.35,30.72,22.38,8.28,21.33,9.65,3.79,8.02,16.37,243.74
I,very_low,18.53,17.3,21.53,10.92,18.96,10.05,9.07,10.47,11.27,148.54
I,very_high,22.56,25.92,24.08,10.38,25.26,10.26,5.79,6.51,12.83,234.431
D,low,23.04,24.37,20.96,11.43,20.65,9.14,1.59,5.42,21.52,211.445
F,high,8.65,17.25,26.88,9.07,19.84,9.08,3.63,10.38,20.95,90.703
E,high,14.12,21.41,27.16,10.53,20.77,9.21,4.23,6.6,6.46,155.466
J,moderate,23.83,17.52,25.5,9.48,19.22,9.06,4.94,9.27,15.26,174.729
D,low,15.26,23.96,25.67,8.93,20.41,10.34,7.8,10.83,20.37,181.459
J,low,15.03,20.83,20.07,11.11,22.73,9.48,2.51,6.84,22.64,145.103
J,moderate,23.94,12.38,25.14,9.66,19.45,9.52,3.07,16.23,6.66,166.742
H,very_low,25.04,17.94,25.14,9.68,19.84,11.54,5.6,12.31,11.75,191.181
H,low,27.2,18.29,25.16,10.75,16.08,9.79,9.73,15.25,13.99,210.943
E,low,21.23,16.94,26.99,9.75,21.66,10.13,1.53,5.67,24.71,142.205
H,very_low,19.93,12.53,24.43,8.26,22.28,9.75,5.19,18.74,18.04,137.222
A,very_low,10.95,23.85,26.86,9.95,18.65,9.73,3.38,5.23,23.59,149.875
D,very_low,21.37,25.1,16.68,11.35,18.67,8.01,2.19,19.91,17.8,243.222
I,high,12.72,10.51,27.19,8.99,14.59,12.01,8.99,17.49,18.44,85.959
C,high,26.37,14.81,24.65,10.59,18.09,10.45,1.9,17.97,19.76,184.086
I,low,14.2,12.89,25.04,10.54,20.54,9.93,8.72,12.94,14.28,102.719
J,high,25.58,27.37,19.77,12.21,20.59,9.1,4.09,7.01,10.72,267.053
E,very_high,16.45,16.08,26.53,11.83,17.78,9.45,9.89,16.03,8.4,141.241
B,moderate,17.95,15.63,26.25,11.12,23.16,9.68,3.5,5.25,15.18,125.601
B,very_high,17.79,17.08,28.47,9.87,17.82,10.05,9.88,16.08,17.36,152.397
A,high,14.67,17.07,28.02,10.97,20.12,9.38,3.71,5.79,7.93,122.147
A,high,24.92,20.26,25.42,8.68,19.34,11.01,8.71,13.15,7.69,211.834
F,moderate,27.51,12.11,26.24,11.13,21.98,10.67,6.94,11.0,16.58,162.919
H,moderate,26.23,9.17,29.24,11.08,19.29,10.46,4.37,5.35,17.48,129.71699999999998
I,very_low,23.26,20.18,22.84,10.77,22.43,11.58,4.71,5.1,19.39,177.934
H,moderate,20.97,25.21,20.18,8.73,20.92,8.55,7.3,19.13,24.78,240.001
I,moderate,21.51,26.28,24.34,9.98,18.78,9.27,4.86,7.39,15.74,234.596
D,high,26.23,22.88,27.96,11.19,21.1,9.81,3.98,19.37,16.92,250.997
D,very_low,19.47,17.76,24.76,9.97,19.77,10.58,3.18,17.44,24.42,159.702
C,moderate,18.06,19.03,25.64,8.57,17.84,9.58,4.36,11.87,24.32,155.563
D,very_low,21.29,26.57,22.84,8.88,22.55,8.8,1.44,10.04,19.21,234.57
E,very_low,19.2,14.32,25.0,10.62,17.78,9.56,2.4,18.89,17.16,144.576
A,low,19.69,8.65,19.21,10.02,22.02,10.82,7.7,5.89,16.45,96.032
I,very_high,14.65,22.61,27.66,10.2,16.48,9.94,3.03,13.04,5.62,177.875
D,moderate,9.57,22.66,19.42,11.29,15.98,8.46,5.69,14.26,5.87,155.027
H,high,24.98,27.2,26.33,10.63,24.09,11.24,4.16,17.7,19.93,281.732
B,very_high,17.89,19.28,26.25,9.42,18.29,9.52,8.79,7.41,19.43,147.918
H,high,27.98,15.22,24.52,11.35,19.86,8.95,1.59,6.16,9.29,172.601
A,high,18.98,16.4,30.25,10.05,18.23,10.19,8.88,6.62,12.46,137.148
I,very_low,25.97,23.09,24.77,8.53,19.46,10.8,2.38,12.5,14.68,234.545
C,very_low,16.11,18.53,24.93,9.75,18.49,9.34,1.94,14.32,19.53,143.271
B,moderate,25.32,28.64,19.84,8.45,20.38,9.37,1.68,12.21,11.86,292.837
B,very_low,22.93,6.63,22.39,11.28,21.65,9.41,5.58,12.24,16.22,121.733
E,high,14.52,16.04,27.07,10.67,17.25,8.96,7.53,8.28,18.98,110.109
B,moderate,29.93,14.05,24.69,10.5,20.27,10.52,2.85,15.85,5.82,209.218
E,high,11.31,19.68,20.07,9.48,18.45,9.22,8.42,16.34,16.0,134.634
C,low,14.48,15.17,33.3,8.97,17.02,10.47,7.95,5.68,21.02,99.968
C,very_low,14.88,25.67,22.28,7.5,20.02,9.79,7.21,14.78,21.26,199.663
B,moderate,22.63,13.75,24.86,11.38,17.38,8.97,2.65,19.18,15.92,167.526
B,very_low,24.35,19.65,23.83,10.16,23.28,10.02,5.16,19.73,14.7,216.924
D,very_low,17.98,19.25,26.27,10.1,18.28,11.21,7.49,14.8,21.96,162.468
A,moderate,13.16,22.06,19.15,9.4,19.6,8.83,1.55,10.5,22.63,152.323
A,moderate,22.52,20.11,25.41,10.86,20.25,10.22,5.13,19.75,19.28,207.711
D,moderate,17.13,15.37,21.72,8.46,19.75,9.67,4.45,6.09,9.01,125.065
C,very_low,24.36,15.01,23.89,9.14,20.21,9.54,2.56,12.89,14.48,164.965
F,low,23.81,21.92,28.02,11.14,20.97,10.59,5.0,5.23,9.91,198.839
D,moderate,13.92,24.28,30.55,11.57,18.33,9.4,5.13,14.73,22.69,183.822
C,moderate,16.0,24.18,27.12,7.89,19.69,10.59,4.26,15.05,16.28,199.03
B,very_high,7.43,18.74,23.83,10.82,20.64,10.51,5.49,14.03,23.03,99.412
H,high,19.76,19.1,26.46,11.72,19.13,11.59,8.02,16.81,8.95,182.338
H,low,16.53,14.68,27.76,9.17,17.31,10.11,8.05,17.53,18.84,128.332
D,moderate,22.98,25.09,27.46,9.23,21.16,10.05,3.9,17.38,12.3,254.221
C,very_low,22.61,17.8,23.48,9.92,16.9,9.22,5.87,15.62,16.78,179.63
J,high,25.09,16.0,28.45,9.06,17.08,11.24,9.3,11.99,8.89,178.82
H,moderate,16.92,25.4,20.98,8.64,22.57,9.93,4.52,5.91,17.71,200.778
D,low,23.76,15.03,23.45,9.38,22.0,9.63,9.81,12.02,24.23,154.502
I,very_low,13.6,17.32,30.27,9.77,21.25,10.18,7.19,16.67,15.95,127.861
I,very_high,24.09,23.33,25.2,9.87,18.34,9.56,8.57,13.71,20.48,226.536
C,moderate,19.17,17.44,24.79,10.86,20.21,11.17,3.33,5.11,10.94,143.261
C,moderate,24.5,29.99,22.91,10.19,18.5,9.18,6.82,15.5,14.45,312.386
I,high,15.35,16.75,19.91,11.65,24.02,11.42,7.48,18.56,19.61,136.546
H,very_low,11.4,20.23,20.83,10.48,19.47,9.31,7.97,8.83,5.12,136.161
I,very_high,21.07,18.86,28.37,10.53,19.7,8.4,5.72,17.99,15.91,186.132
I,high,17.62,18.49,26.69,9.05,17.4,8.25,6.14,12.24,24.76,149.016
C,low,27.02,18.08,25.9,10.51,20.97,8.38,10.0,13.75,5.69,209.298
I,moderate,18.91,17.99,22.39,11.11,17.61,8.5,8.88,12.53,13.04,161.227
E,low,20.24,23.05,30.6,11.5,18.05,10.49,1.7,9.45,15.8,197.979
C,very_low,14.72,20.45,23.29,8.03,23.52,8.28,2.5,15.85,6.17,162.202
H,moderate,25.0,20.22,22.58,11.5,21.15,11.59,6.69,10.07,6.76,207.007
C,moderate,15.54,18.19,23.78,9.91,17.74,9.58,5.32,13.58,11.14,146.838
F,high,15.5,29.66,31.86,11.9,20.48,9.09,2.26,14.63,24.05,248.43
I,low,18.43,13.85,27.2,9.91,22.65,9.68,3.29,15.88,15.1,135.026
C,moderate,14.8,12.78,29.84,9.0,23.96,10.23,7.46,10.37,15.23,101.104
B,high,16.08,19.36,27.46,7.88,18.67,10.13,8.91,12.72,5.94,159.87
C,very_low,24.85,24.81,22.33,10.83,20.74,9.74,1.34,7.67,22.31,227.62
C,very_high,20.12,20.54,27.97,11.44,18.75,11.95,4.24,12.12,20.76,178.095
J,very_low,19.28,30.31,25.13,9.77,18.96,8.4,9.86,14.39,10.06,282.862
C,very_high,19.3,17.96,24.7,10.16,19.47,9.43,2.18,19.07,14.77,170.157
H,high,24.42,11.99,21.22,10.8,20.26,9.44,6.61,18.61,19.6,162.581
A,low,15.24,12.12,30.55,10.67,20.51,9.29,8.74,19.45,19.82,110.956
B,high,14.96,17.84,28.34,8.94,19.96,11.37,3.71,10.39,12.95,135.52
D,very_low,20.56,22.49,26.81,10.23,20.93,7.95,1.79,16.12,8.35,210.929
H,high,27.2,15.36,21.79,8.69,21.0,10.2,8.77,15.08,6.55,195.488
J,very_low,11.85,28.76,28.71,11.76,22.01,11.12,7.91,5.82,9.16,216.21
H,low,22.76,29.2,24.25,10.43,16.93,9.45,4.29,12.31,8.17,286.327
D,very_low,13.18,12.3,24.69,9.17,21.53,10.7,8.76,12.74,22.69,84.742
C,very_low,29.05,20.0,21.44,9.81,18.39,10.24,7.91,15.29,17.69,228.1
D,very_high,26.79,25.54,28.27,10.78,18.49,9.97,7.16,5.7,23.61,237.174
H,very_low,28.65,18.62,21.46,9.27,22.14,10.08,4.71,9.9,12.88,204.115
B,very_high,15.18,25.23,23.38,8.1,23.26,9.04,9.87,16.84,18.06,204.884
I,very_high,20.81,14.14,28.95,11.18,18.41,9.84,1.43,19.31,18.28,153.989
F,high,13.93,23.14,26.0,9.99,18.71,10.13,6.49,19.19,24.46,175.368
B,very_low,18.29,22.36,27.86,12.75,23.9,10.23,9.58,14.88,6.95,199.074
H,moderate,26.91,22.17,27.61,10.04,19.39,11.62,3.49,5.58,22.24,211.003
I,very_low,14.2,23.06,25.6,9.94,18.97,8.66,7.67,15.29,5.47,182.559
D,moderate,22.77,25.95,28.99,9.99,20.8,9.17,1.06,14.33,11.4,256.135
A,very_high,15.78,11.65,27.03,10.05,17.4,10.47,8.32,5.45,14.87,90.312
C,very_low,22.25,13.78,23.18,9.85,22.35,11.74,2.1,6.55,11.62,133.83
F,high,21.86,21.65,26.59,11.0,22.58,9.54,1.03,15.84,11.97,209.803
E,low,22.63,21.79,30.79,8.55,17.6,11.32,9.15,13.6,20.53,206.32
J,very_low,16.99,24.56,30.95,8.54,19.63,7.84,4.95,8.14,10.84,197.467
J,very_high,20.65,16.89,26.67,10.87,23.4,10.68,9.08,5.46,18.01,142.852
A,moderate,19.27,11.15,26.82,10.66,20.76,10.81,2.35,5.47,7.19,111.767
J,high,24.62,25.46,22.16,10.4,20.97,11.91,7.6,13.91,7.53,260.661
H,low,24.95,16.47,22.29,10.12,21.34,10.54,9.32,12.64,12.5,179.707
H,very_high,19.86,19.5,21.75,9.72,21.22,10.02,5.13,8.81,8.01,169.949
D,moderate,14.71,20.12,24.15,10.91,18.75,10.51,2.01,10.57,9.57,152.899
B,high,26.87,24.11,20.78,9.54,17.85,10.37,9.7,12.28,5.75,255.928
H,very_high,33.2,24.57,26.81,12.02,16.35,10.79,2.53,17.82,20.24,300.01
I,very_low,17.97,20.95,26.0,10.18,20.78,10.44,9.71,16.6,21.14,179.633
J,very_low,9.37,20.02,22.89,10.31,17.78,9.98,8.94,11.63,6.19,126.164
C,high,17.09,22.01,31.07,7.41,17.89,10.08,4.62,17.0,9.21,191.344
H,very_high,16.04,22.67,26.98,9.03,22.59,11.14,8.41,19.33,13.04,191.832
C,low,23.52,18.05,21.63,9.1,18.05,9.82,8.81,9.59,5.48,180.38
D,moderate,23.95,9.4,17.3,11.35,16.73,9.51,7.88,17.07,24.46,142.727
D,low,27.35,18.46,19.42,7.74,21.12,9.55,6.11,9.13,18.41,192.091
H,moderate,22.62,16.72,27.18,8.46,22.31,10.29,7.01,5.57,15.69,153.851
B,moderate,22.83,22.34,24.72,11.09,20.89,9.96,7.85,18.52,21.57,226.854
I,high,22.82,15.47,27.19,10.1,20.17,9.78,6.65,16.14,5.49,174.319
C,moderate,11.9,13.37,20.94,11.11,19.58,12.83,3.31,7.95,11.32,88.017
E,moderate,17.41,16.91,27.5,10.41,22.66,9.69,5.4,17.4,23.18,147.685
B,very_low,22.08,16.17,30.55,9.84,19.6,9.37,6.91,19.45,7.01,181.936
B,very_low,23.65,18.68,27.35,11.39,18.59,11.27,6.96,10.59,16.88,181.227
E,very_low,19.77,20.35,19.47,8.82,20.59,10.57,9.12,8.63,12.07,171.996
F,very_high,25.06,18.13,26.47,11.11,22.75,8.26,9.31,14.9,11.64,196.438
I,moderate,18.31,22.58,23.57,10.69,20.93,10.69,6.19,6.79,20.72,180.039
H,very_low,14.87,11.45,25.63,9.89,18.8,11.08,1.54,8.37,14.06,92.021
I,very_low,23.25,18.63,23.68,9.59,21.44,9.13,8.03,7.63,17.52,171.983
C,high,15.28,23.57,21.8,8.47,21.42,9.33,1.93,16.44,7.21,193.256
A,very_low,21.27,14.07,23.66,9.59,19.19,10.69,2.2,15.4,11.4,151.824
E,moderate,18.58,18.43,26.17,11.13,18.95,10.96,6.47,10.97,7.81,162.406
B,very_high,25.56,22.0,24.14,10.61,20.5,9.52,6.28,15.37,19.75,228.655
H,moderate,26.03,19.23,22.22,9.32,20.07,11.91,1.57,13.26,20.86,204.84
G,low,9.2,36.92,22.93,10.92,20.94,11.12,7.13,19.17,10.67,323.111
E,very_low,20.16,20.15,27.69,11.28,22.2,9.43,3.65,14.92,20.34,179.968
B,very_low,23.56,21.26,23.95,10.25,23.59,10.8,8.79,13.6,23.46,204.582
H,very_low,20.01,15.86,27.89,11.26,18.16,9.24,3.4,12.49,20.76,144.205
J,high,14.16,17.39,22.7,9.49,18.12,9.56,9.96,8.63,8.25,126.962
D,very_high,19.95,24.53,26.7,7.93,18.25,12.13,7.35,7.08,8.34,209.827
B,very_low,20.61,21.44,24.6,8.38,18.22,10.76,8.27,5.93,17.78,178.133
G,moderate,17.76,23.58,22.03,8.97,19.37,9.74,6.96,14.94,19.64,199.962
I,very_high,19.75,24.21,29.54,11.12,21.55,10.83,2.28,10.68,9.63,212.189
A,very_high,21.23,23.42,24.32,12.24,18.96,11.31,9.0,11.43,6.67,218.241
E,moderate,24.38,25.97,29.9,10.99,24.45,9.29,4.0,9.78,12.22,253.467
D,high,28.89,13.96,27.55,10.36,20.41,11.7,3.25,19.4,16.98,202.157
H,high,17.87,18.9,22.14,10.83,19.56,10.49,4.76,5.32,7.48,151.039
I,high,17.04,26.64,24.49,10.23,20.69,8.91,6.57,17.78,16.41,233.968
I,low,22.32,20.7,26.64,9.49,17.53,11.72,4.15,13.08,14.94,197.23
H,very_high,19.69,20.7,20.5,9.83,19.45,11.36,3.01,13.59,16.18,182.848
D,moderate,12.5,27.38,23.84,7.57,19.68,9.38,1.59,15.24,16.89,213.979
D,high,16.73,19.3,24.43,9.57,18.87,9.57,3.91,17.14,11.29,164.514
C,low,20.95,18.35,21.65,10.24,21.87,11.74,1.16,13.3,18.42,168.134
I,high,21.33,23.45,24.3,9.33,22.01,9.08,1.79,16.58,13.8,226.797
D,moderate,15.61,19.02,27.97,11.18,20.64,9.99,8.9,19.67,19.13,155.824
J,low,19.77,25.86,26.55,10.45,22.31,8.78,1.11,17.07,8.15,245.414
D,very_high,20.0,17.7,26.64,9.65,24.76,8.95,5.7,6.86,13.22,148.168
D,very_low,19.62,38.02,15.22,9.32,18.56,11.46,1.58,14.69,24.71,381.174
H,low,17.79,24.78,21.64,11.73,20.38,9.42,4.99,19.11,14.41,220.211
D,low,20.36,24.75,26.82,8.42,19.99,9.73,3.59,7.46,15.31,210.255
H,high,22.32,23.27,23.43,9.69,19.32,11.38,7.45,9.13,23.28,205.52
B,very_high,17.62,21.15,30.15,10.67,22.42,8.31,6.3,12.25,13.42,175.185
D,very_low,17.5,22.55,25.52,8.68,17.92,11.09,1.16,11.23,20.75,178.604
H,moderate,19.16,20.3,17.43,10.66,19.42,8.91,9.84,11.98,14.57,175.158
C,very_low,22.54,19.48,26.0,9.41,21.17,10.32,7.25,8.34,21.05,172.956
A,high,16.7,18.04,26.98,10.05,17.95,10.11,6.87,5.98,5.8,139.65
A,moderate,25.39,17.72,26.03,8.94,21.55,10.03,4.75,9.57,19.35,180.191
A,very_high,19.01,20.97,31.17,9.62,17.97,9.62,2.36,12.27,22.37,174.029
H,very_low,14.71,13.39,27.46,9.44,18.2,10.28,2.95,6.4,23.3,90.155
C,moderate,18.25,10.8,27.44,11.47,22.08,10.74,2.61,12.82,5.97,119.151
D,very_low,23.03,17.96,26.25,9.64,18.98,10.27,3.78,7.34,20.36,162.65
H,moderate,25.26,8.92,27.83,11.2,16.15,8.73,1.84,16.0,11.2,154.965
B,high,17.81,10.46,21.69,9.81,20.22,9.47,8.11,18.11,22.54,115.276
A,high,18.55,28.73,20.58,8.28,22.08,9.27,7.7,10.3,8.62,255.472
C,moderate,23.46,19.33,26.07,10.67,20.43,11.08,5.99,19.36,21.85,203.943
H,low,10.97,17.64,24.74,10.27,19.62,9.16,6.77,18.49,7.22,124.032
H,high,18.14,18.46,25.98,9.79,19.84,9.83,4.86,16.08,8.08,167.807
F,very_low,17.23,21.43,30.73,9.88,19.43,9.29,7.62,8.55,21.55,162.213
B,low,14.4,18.97,24.51,10.22,18.64,9.73,6.93,8.8,15.77,134.911
D,very_high,16.59,24.58,29.31,10.29,20.12,9.83,9.9,10.06,17.19,192.66
B,high,22.52,19.07,18.66,9.73,17.17,9.23,5.67,14.6,6.1,194.853
I,very_low,23.97,19.69,27.7,10.43,17.69,10.97,6.46,11.85,14.47,194.91
E,very_low,23.1,18.58,21.21,6.74,20.56,10.34,1.07,19.01,6.92,202.562
I,very_low,18.69,25.15,28.21,10.45,21.18,11.92,2.79,19.77,12.39,232.507
C,very_low,25.57,26.86,23.86,10.06,24.25,8.96,7.22,19.94,8.48,292.151
B,high,19.28,21.23,28.17,10.57,17.2,9.9,7.66,6.78,24.67,167.547
I,low,15.84,19.84,25.72,9.41,18.16,8.98,9.58,13.72,12.39,158.229
J,high,25.08,23.14,24.85,11.17,21.87,9.87,9.87,11.08,8.48,232.119
I,high,20.68,16.57,23.19,8.53,19.2,11.53,6.45,9.41,5.91,155.008
A,very_high,25.26,23.36,22.25,10.71,20.16,9.36,1.51,5.73,21.53,214.037
F,moderate,15.52,21.93,26.35,9.24,15.74,10.05,4.71,9.02,19.89,163.03
C,high,16.22,24.55,21.98,9.64,19.88,9.86,7.8,18.83,7.35,211.368
A,high,21.47,19.89,24.88,11.19,23.11,9.32,9.46,7.63,8.12,177.864
F,high,21.5,24.08,21.25,9.06,18.89,9.12,2.14,11.01,5.84,222.967
J,moderate,23.55,14.05,24.68,9.25,18.19,11.66,2.13,6.52,19.41,139.928
H,low,20.53,29.62,25.38,9.78,23.1,11.31,8.61,19.85,10.92,294.365
F,low,18.12,17.95,25.92,9.88,21.67,11.63,3.28,5.24,21.08,133.791
C,very_low,14.62,20.05,22.81,8.15,20.4,10.86,8.03,5.81,17.33,138.207
I,very_low,26.82,23.82,26.22,10.8,16.77,11.64,6.68,6.45,22.72,227.367
H,very_low,17.43,29.1,28.22,9.59,21.87,7.84,7.43,5.59,19.29,238.946
E,very_low,17.51,27.4,25.24,9.55,18.38,10.82,6.84,14.95,6.24,242.477
E,moderate,19.08,9.76,27.09,11.23,19.76,10.71,6.6,18.93,19.19,124.965
I,moderate,18.42,25.73,24.24,9.7,22.6,8.88,2.16,16.05,11.07,233.734
I,high,20.73,16.4,26.87,8.01,21.41,10.47,8.6,12.32,14.5,155.843
B,low,19.74,20.74,23.23,9.72,21.56,7.83,2.0,17.38,11.69,196.889
C,very_low,25.67,17.44,26.1,10.71,20.49,9.48,1.68,19.9,23.07,201.387
H,very_high,23.61,19.06,29.89,10.77,18.18,10.43,4.87,14.74,17.77,191.849
H,very_low,24.71,11.36,26.9,10.92,21.89,9.39,6.77,7.09,12.84,134.973
D,high,23.71,15.01,26.86,7.78,17.68,10.36,4.3,7.33,17.62,147.937
D,moderate,19.11,21.61,26.99,10.43,23.7,9.52,7.21,8.45,10.38,182.931
B,moderate,22.23,20.53,25.57,9.71,20.94,9.5,2.07,19.7,6.17,218.139
H,moderate,11.76,16.67,20.56,10.12,20.02,9.73,8.43,12.6,22.19,106.403
I,very_low,16.4,8.08,27.67,9.66,17.71,9.37,6.84,13.52,8.36,97.587
I,very_low,22.92,23.46,23.59,9.48,16.6,9.22,3.15,9.37,14.1,215.918
E,very_low,12.26,16.76,21.27,10.67,17.59,9.35,7.13,12.12,24.63,106.424
H,low,28.43,19.66,27.35,11.58,18.39,10.21,1.4,8.27,18.79,205.353
C,very_high,22.55,23.45,17.52,8.96,18.21,9.3,8.65,16.93,14.86,230.247
I,high,20.49,20.4,23.85,11.01,19.8,10.96,3.74,9.26,16.78,176.958
G,moderate,24.62,14.34,26.29,8.47,20.81,9.87,3.9,7.2,22.17,149.758
J,very_high,19.01,12.94,26.31,9.96,18.22,10.55,3.31,19.07,20.39,135.044
J,moderate,22.76,13.75,18.27,8.0,21.84,9.52,1.65,7.28,20.85,139.01
A,low,24.69,15.05,19.04,9.82,21.47,10.11,8.18,16.63,20.87,172.206
E,very_high,26.0,22.56,32.6,10.72,18.51,9.24,4.73,12.82,11.56,233.191
I,high,15.98,27.45,28.84,9.69,20.97,10.89,4.93,19.11,20.48,236.364
B,very_low,24.06,25.69,21.64,8.83,19.42,9.67,6.65,17.2,22.26,258.463
B,very_low,32.81,19.27,30.67,10.76,16.85,9.45,2.07,5.07,7.63,219.06
D,very_high,19.11,24.45,25.02,9.27,20.44,9.27,9.67,11.48,11.64,211.109
C,low,15.23,18.55,29.85,10.15,21.33,11.78,4.05,13.72,22.36,138.726
I,moderate,18.69,7.86,26.35,9.51,20.17,9.88,2.21,15.84,10.08,116.891
D,moderate,16.81,26.32,24.98,11.44,14.95,9.39,9.19,12.3,9.2,223.332
C,very_low,21.36,25.17,26.99,11.66,17.58,9.93,1.1,9.33,16.12,222.06
B,very_high,19.71,18.12,23.93,11.06,22.11,10.06,1.59,12.03,10.94,163.983
C,low,14.59,22.21,24.25,10.66,22.32,10.7,7.03,10.31,9.15,166.692
I,moderate,19.24,20.0,29.68,9.44,20.07,8.84,9.96,17.55,7.08,192.784
I,very_low,17.82,21.45,26.09,10.31,17.18,10.45,9.28,13.06,21.23,174.356
B,high,17.01,20.41,23.92,7.63,18.97,9.47,2.82,11.43,14.94,166.917
A,high,18.75,22.47,24.4,9.38,16.84,9.65,9.8,16.93,23.99,193.383
H,very_low,22.85,13.57,27.89,9.34,17.72,8.89,9.92,16.33,10.91,157.898
C,very_high,22.22,21.34,23.64,9.4,21.92,8.91,4.07,5.87,11.56,184.084
D,very_low,25.93,16.09,20.65,8.47,19.95,12.66,7.38,17.25,14.55,191.655
I,very_low,16.48,15.23,22.2,9.44,19.08,8.03,4.55,7.83,7.7,123.358
I,moderate,24.0,15.11,23.94,12.38,17.74,10.7,6.69,5.57,9.43,154.308
D,very_low,24.1,19.78,26.12,9.91,21.52,10.92,9.5,15.38,10.51,205.18
C,very_low,25.8,20.13,29.15,8.69,22.88,9.77,8.17,11.3,14.49,203.554
I,moderate,21.89,16.15,23.9,11.12,17.92,11.4,9.89,19.88,10.39,182.525
D,very_low,19.74,18.37,23.79,9.98,17.24,10.31,9.76,17.95,15.92,173.551
C,very_low,14.78,16.97,28.32,11.99,22.73,10.39,4.74,12.73,22.17,121.71
I,low,24.83,26.58,24.74,10.62,20.67,10.46,1.79,16.67,22.48,272.693
H,high,19.23,21.88,21.73,11.62,22.38,8.84,3.69,7.92,20.99,177.105
D,high,25.17,21.15,22.87,11.47,22.13,11.56,5.9,7.72,24.01,197.117
I,moderate,21.93,20.81,27.11,9.77,20.06,9.79,6.57,15.18,5.19,208.295
H,very_high,17.83,14.81,25.22,10.48,21.5,10.91,8.78,16.44,15.96,137.052
E,very_low,15.21,17.32,23.4,9.19,15.68,11.21,7.42,11.93,10.73,132.131
H,high,22.05,17.5,16.96,9.48,19.76,9.51,9.62,15.92,21.75,171.276
D,moderate,26.14,28.75,27.18,9.38,19.23,9.77,8.39,10.23,14.94,290.744
C,moderate,23.64,23.55,27.05,8.39,21.27,9.01,4.96,8.98,7.23,223.47
A,very_high,22.35,20.7,21.7,9.69,16.67,9.5,1.45,9.3,13.58,185.399
I,moderate,14.24,17.37,21.23,10.53,20.38,10.39,7.82,14.62,19.15,130.28
I,moderate,29.12,11.04,21.44,9.26,19.68,9.17,2.83,11.42,11.6,171.033
D,moderate,21.7,21.83,22.12,10.77,20.91,10.8,5.31,19.75,14.77,216.95
C,very_low,22.2,18.73,26.77,10.12,19.93,9.2,8.22,8.71,7.77,173.157
F,high,25.41,16.07,25.6,12.19,20.93,10.71,3.91,5.93,8.34,165.097
E,low,23.6,20.14,24.92,10.4,20.97,9.89,3.47,10.56,11.09,195.57
C,moderate,28.69,12.89,33.77,10.78,19.75,10.47,1.9,18.32,22.41,190.204
D,very_high,12.23,29.38,23.16,8.89,16.94,10.86,2.84,9.14,14.03,224.857
H,moderate,18.08,17.64,22.37,9.67,17.89,11.0,3.04,10.37,19.25,145.916
B,low,30.04,23.72,25.43,9.9,19.1,8.59,4.95,9.64,22.75,250.719
E,very_low,17.43,19.8,28.62,8.33,20.73,9.99,1.62,16.73,24.7,162.144
C,moderate,20.03,18.72,30.11,8.36,19.73,10.18,1.67,5.57,19.83,153.721
F,moderate,13.92,25.6,26.27,10.24,20.35,9.1,7.1,15.17,6.98,209.14
D,moderate,20.73,22.89,24.58,10.9,21.62,8.48,5.25,10.4,19.98,202.065
D,very_low,18.97,26.12,22.42,10.28,22.48,8.29,7.75,7.04,22.18,212.475
I,very_high,27.3,25.62,25.49,8.81,19.26,10.28,8.7,7.88,23.31,251.908
D,moderate,21.07,22.82,30.34,10.56,19.24,10.95,9.61,18.7,21.36,220.08
B,very_low,23.99,12.35,25.79,11.39,24.26,9.13,5.15,13.66,9.05,156.462
F,very_low,27.59,20.16,22.99,9.68,21.94,10.67,4.01,6.76,13.27,201.78
H,very_high,17.84,27.08,20.0,9.49,19.36,9.05,6.86,12.8,19.87,230.038
C,high,24.95,18.32,24.91,9.94,18.91,11.26,9.66,13.98,19.56,187.81
E,moderate,25.22,14.09,25.89,10.75,20.78,9.83,2.4,8.08,23.6,152.051
F,low,20.45,24.65,23.76,9.83,19.39,10.39,5.98,11.96,7.99,223.843
F,moderate,18.63,26.33,22.1,10.76,20.43,10.71,3.78,11.89,23.77,223.909
I,moderate,19.78,19.71,26.22,11.73,21.51,9.37,7.49,10.49,5.25,179.184
C,moderate,29.12,21.83,28.48,10.15,18.48,10.55,3.18,15.39,12.64,252.375
B,very_low,15.16,19.57,31.55,8.7,20.06,8.59,5.18,14.37,23.96,148.587
D,very_low,16.93,24.44,24.56,10.96,20.45,9.66,7.66,5.83,11.49,190.799
E,very_high,13.35,16.73,25.21,9.47,20.52,9.92,6.77,17.49,12.88,127.736
D,very_low,21.33,12.58,29.25,9.14,21.28,9.91,7.58,11.26,12.23,132.533
A,low,18.28,13.39,24.78,9.17,20.7,12.04,6.09,9.41,12.21,120.417
A,very_high,26.07,18.41,22.18,11.8,18.31,11.81,3.3,19.2,9.3,216.569
E,moderate,21.83,29.71,25.98,10.58,20.0,8.59,5.8,16.94,5.58,300.992
E,moderate,22.35,21.61,28.26,9.36,17.62,8.46,4.39,18.52,14.16,217.939
J,very_high,17.28,19.64,31.27,10.14,19.46,9.14,9.45,18.46,11.9,173.826
D,moderate,19.41,23.73,20.12,9.34,21.57,10.35,1.37,13.98,18.13,209.713
D,moderate,16.79,16.3,23.54,8.47,20.87,9.11,5.3,18.36,12.09,147.785
C,moderate,31.03,25.13,20.97,10.63,20.97,9.31,3.03,5.81,9.84,265.258
I,high,19.94,25.08,28.31,11.1,18.41,8.56,7.61,15.67,21.01,226.807
C,high,16.15,19.79,23.75,10.61,19.69,10.42,9.32,11.2,16.83,153.123
J,low,27.47,20.66,22.72,9.72,16.41,9.21,7.44,14.71,21.27,225.751
H,very_high,19.44,21.33,27.56,10.95,18.21,10.33,1.21,5.31,13.82,170.839
H,very_low,24.81,14.6,27.66,9.01,22.38,12.25,2.29,9.86,11.78,160.054
E,high,20.1,28.21,25.59,9.67,18.44,10.83,5.06,9.38,18.32,249.531
A,high,19.16,25.06,21.99,11.77,22.72,8.96,7.98,14.28,9.55,225.814
B,very_low,26.92,9.75,26.23,8.91,19.17,9.6,7.01,7.9,13.19,140.988
E,low,25.61,11.47,22.87,9.23,19.4,11.59,4.86,14.02,20.93,154.807
I,moderate,17.41,18.42,21.22,11.76,23.92,10.09,6.97,9.96,14.8,152.388
B,very_low,13.82,20.5,26.38,10.54,20.97,11.56,4.9,16.65,18.92,152.923
I,high,13.29,22.16,24.96,10.03,18.27,8.46,6.3,11.51,20.68,156.18
B,moderate,14.46,30.18,24.0,9.58,19.81,11.7,8.25,14.88,14.06,257.895
J,moderate,14.01,12.62,25.02,9.66,21.01,9.14,7.8,5.42,6.56,95.658
E,very_high,20.58,21.55,23.39,11.01,19.28,10.46,4.59,8.34,11.98,185.989
H,very_low,19.1,23.1,23.73,9.21,18.64,7.82,8.22,8.59,5.74,196.695
E,very_low,23.92,17.71,27.14,8.23,20.3,10.99,1.52,18.79,5.14,201.613
C,moderate,20.66,18.64,24.07,11.2,21.29,10.78,2.66,13.24,19.37,169.906
A,low,20.53,31.86,29.4,8.28,17.66,11.84,3.95,6.24,12.33,291.571
H,moderate,23.65,12.93,26.79,10.65,21.09,11.88,1.89,7.58,23.14,134.746
I,very_low,15.47,25.89,26.23,9.01,22.7,10.08,7.43,8.94,14.44,203.733
J,high,21.23,17.43,21.62,10.0,20.88,10.7,9.15,17.49,11.95,178.591
I,low,10.24,19.93,26.8,10.42,16.24,12.09,9.07,8.77,16.32,123.217
J,very_low,22.86,24.59,26.53,10.02,20.6,9.06,6.69,10.12,5.25,232.793
I,very_low,26.69,25.73,25.21,9.95,18.44,10.93,2.66,8.55,11.65,256.901
D,very_low,28.19,30.32,29.83,9.68,19.62,10.83,7.5,13.11,9.65,328.628
B,moderate,12.39,19.18,26.59,9.73,19.26,9.45,6.28,15.05,11.62,141.437
I,high,25.71,18.36,25.25,10.95,19.12,9.59,9.72,7.88,11.74,187.163
I,low,20.85,20.88,23.05,9.74,20.08,8.78,1.37,19.38,16.87,205.652
I,very_high,27.05,18.82,28.96,9.76,21.47,8.3,7.42,10.9,17.76,198.944
C,high,21.06,24.54,29.43,9.46,23.4,9.97,5.52,10.71,21.25,216.493
I,low,15.68,11.36,25.63,8.31,19.76,10.58,8.87,8.87,8.58,99.68
I,very_low,17.74,21.98,25.28,8.95,22.5,10.21,9.14,10.48,23.52,173.682
E,moderate,24.61,21.79,25.26,10.3,18.25,8.93,2.05,11.91,6.18,223.929
I,moderate,21.24,24.98,23.9,9.66,21.7,9.03,5.18,7.87,10.64,225.008
C,very_low,20.46,23.32,21.57,9.08,18.76,8.91,2.15,12.07,5.85,210.224
I,very_low,18.64,16.11,21.89,10.52,19.46,10.59,8.91,14.49,13.34,147.274
C,very_low,25.18,14.81,24.35,10.48,20.02,7.67,8.37,14.48,9.48,174.177
B,very_low,18.43,18.93,29.92,9.71,25.6,10.68,1.67,13.54,8.73,167.841
I,moderate,16.76,21.89,19.86,11.83,17.83,9.86,4.8,14.9,12.11,186.466
A,very_high,18.63,27.22,23.6,8.79,16.82,9.4,5.77,16.3,14.17,243.816
H,moderate,18.53,11.74,27.31,11.02,21.69,11.52,9.42,16.51,10.79,129.49599999999998
H,very_high,12.69,18.71,19.19,11.11,19.21,10.52,1.55,5.01,22.39,113.686
C,moderate,21.79,20.32,21.76,10.56,22.82,9.37,4.38,8.38,24.59,174.68
D,moderate,20.69,15.19,22.66,11.48,20.26,11.7,1.44,6.09,6.8,140.286
I,very_low,12.97,20.72,22.48,9.45,19.83,8.44,6.17,17.06,8.86,157.609
D,low,24.75,24.74,22.12,11.35,20.62,11.2,4.04,8.01,24.85,224.987
C,moderate,19.73,13.67,23.66,10.2,19.17,9.7,1.98,17.7,19.84,141.723
A,very_low,31.03,25.2,21.32,10.64,21.93,10.51,2.38,6.93,8.02,269.307
E,high,18.24,15.96,22.67,10.81,18.52,8.25,6.96,15.77,13.47,147.739
C,low,17.48,17.62,24.82,8.87,20.0,8.4,6.49,16.67,8.62,156.105
H,high,16.2,22.44,26.99,9.14,20.77,10.06,5.13,19.53,14.89,191.015
C,moderate,18.68,18.28,26.11,11.52,19.68,10.08,1.67,12.3,15.05,158.373
C,low,20.16,20.59,20.68,9.82,19.55,9.19,4.78,10.38,13.55,178.847
I,very_low,22.57,25.85,26.74,9.82,21.01,9.26,1.93,19.63,9.18,265.353
J,moderate,17.29,14.47,23.96,11.77,21.07,10.64,1.03,9.88,5.72,130.40800000000002
B,high,28.97,13.39,25.68,10.64,18.36,10.87,4.49,10.02,18.07,173.337
E,moderate,21.05,24.31,24.58,10.51,17.67,10.24,8.56,7.68,12.36,216.738
C,high,32.43,26.97,27.13,10.66,20.7,9.48,2.84,14.08,14.41,313.586
C,low,18.22,20.96,23.48,9.42,23.54,11.16,1.64,14.95,20.68,177.44
C,moderate,19.62,29.15,24.29,9.81,22.01,9.16,9.31,18.74,24.34,273.54
H,very_high,16.44,16.89,16.7,9.68,21.78,10.39,9.41,16.85,10.28,145.05
E,moderate,19.93,17.39,18.35,9.01,20.0,10.33,3.76,15.85,20.89,165.086
D,moderate,25.63,18.81,25.74,8.65,18.73,10.55,5.5,11.92,11.85,197.983
